#
# TABLE STRUCTURE FOR: accounts
#

DROP TABLE IF EXISTS `accounts`;

CREATE TABLE `accounts` (
  `id` varchar(36) COLLATE utf8mb4_unicode_ci NOT NULL,
  `idaccount` int(11) NOT NULL AUTO_INCREMENT,
  `fullname` varchar(100) COLLATE utf8mb4_unicode_ci NOT NULL,
  `created_at` timestamp NOT NULL DEFAULT current_timestamp(),
  `updated_at` timestamp NOT NULL DEFAULT current_timestamp(),
  PRIMARY KEY (`idaccount`),
  UNIQUE KEY `id` (`id`)
) ENGINE=InnoDB AUTO_INCREMENT=101 DEFAULT CHARSET=utf8mb4 COLLATE=utf8mb4_unicode_ci;

INSERT INTO `accounts` (`id`, `idaccount`, `fullname`, `created_at`, `updated_at`) VALUES ('efa1d7f8-8132-3c9e-8b5a-2737f505d3c9', 1, 'Amiya Daugherty', '2022-06-23 14:23:34', '2022-06-23 14:23:34');
INSERT INTO `accounts` (`id`, `idaccount`, `fullname`, `created_at`, `updated_at`) VALUES ('d9dda37a-7f70-32a2-b94a-8446697ecae6', 2, 'Mr. Elliott Krajcik I', '2022-06-23 14:23:34', '2022-06-23 14:23:34');
INSERT INTO `accounts` (`id`, `idaccount`, `fullname`, `created_at`, `updated_at`) VALUES ('05cd400f-0d5d-30f3-9a59-02776bde25dd', 3, 'Evelyn Wintheiser DDS', '2022-06-23 14:23:34', '2022-06-23 14:23:34');
INSERT INTO `accounts` (`id`, `idaccount`, `fullname`, `created_at`, `updated_at`) VALUES ('638b2476-632b-3c67-935c-141871007201', 4, 'Mr. Arturo Hand I', '2022-06-23 14:23:34', '2022-06-23 14:23:34');
INSERT INTO `accounts` (`id`, `idaccount`, `fullname`, `created_at`, `updated_at`) VALUES ('24589021-6931-3279-b18f-cb0369e85c9c', 5, 'Ms. Cleta McLaughlin', '2022-06-23 14:23:34', '2022-06-23 14:23:34');
INSERT INTO `accounts` (`id`, `idaccount`, `fullname`, `created_at`, `updated_at`) VALUES ('52e2a44e-d937-3649-90f9-681c3a9f5a66', 6, 'Madeline Pagac', '2022-06-23 14:23:34', '2022-06-23 14:23:34');
INSERT INTO `accounts` (`id`, `idaccount`, `fullname`, `created_at`, `updated_at`) VALUES ('c219bb71-99ce-314f-8abc-4a3988e6ee47', 7, 'Gracie Dicki', '2022-06-23 14:23:34', '2022-06-23 14:23:34');
INSERT INTO `accounts` (`id`, `idaccount`, `fullname`, `created_at`, `updated_at`) VALUES ('956ade44-a62a-3823-b45b-8902fc93ff33', 8, 'Prof. Enid Buckridge V', '2022-06-23 14:23:34', '2022-06-23 14:23:34');
INSERT INTO `accounts` (`id`, `idaccount`, `fullname`, `created_at`, `updated_at`) VALUES ('de6b1228-76a9-37ad-88f7-4d84cd01fd9d', 9, 'Ericka Schimmel', '2022-06-23 14:23:34', '2022-06-23 14:23:34');
INSERT INTO `accounts` (`id`, `idaccount`, `fullname`, `created_at`, `updated_at`) VALUES ('e0308ccc-16e7-3d5e-9e37-e60d906305ae', 10, 'Osvaldo Pollich', '2022-06-23 14:23:34', '2022-06-23 14:23:34');
INSERT INTO `accounts` (`id`, `idaccount`, `fullname`, `created_at`, `updated_at`) VALUES ('f264cd62-1075-3801-89a6-7945e89ee899', 11, 'Edmund Hammes', '2022-06-23 14:23:34', '2022-06-23 14:23:34');
INSERT INTO `accounts` (`id`, `idaccount`, `fullname`, `created_at`, `updated_at`) VALUES ('26ecdabd-c0cf-3b95-88bc-a754d0004a15', 12, 'Mr. Mortimer Konopelski', '2022-06-23 14:23:34', '2022-06-23 14:23:34');
INSERT INTO `accounts` (`id`, `idaccount`, `fullname`, `created_at`, `updated_at`) VALUES ('44f4082e-e42b-38db-89b7-8bfab03c06af', 13, 'Mr. Warren Von I', '2022-06-23 14:23:34', '2022-06-23 14:23:34');
INSERT INTO `accounts` (`id`, `idaccount`, `fullname`, `created_at`, `updated_at`) VALUES ('a8202e41-f0ba-3d18-91fa-ef11d451a069', 14, 'Ofelia Sanford', '2022-06-23 14:23:34', '2022-06-23 14:23:34');
INSERT INTO `accounts` (`id`, `idaccount`, `fullname`, `created_at`, `updated_at`) VALUES ('54c19287-fdf9-3127-bf69-67add7bdfc87', 15, 'Mr. Ubaldo McGlynn IV', '2022-06-23 14:23:34', '2022-06-23 14:23:34');
INSERT INTO `accounts` (`id`, `idaccount`, `fullname`, `created_at`, `updated_at`) VALUES ('5a259a2f-e19f-3ecb-9805-6ca825e73e41', 16, 'Mr. Jason Bailey IV', '2022-06-23 14:23:34', '2022-06-23 14:23:34');
INSERT INTO `accounts` (`id`, `idaccount`, `fullname`, `created_at`, `updated_at`) VALUES ('a64105f4-94f7-300d-a57c-3af890db6d3e', 17, 'Mr. Ernesto Toy', '2022-06-23 14:23:34', '2022-06-23 14:23:34');
INSERT INTO `accounts` (`id`, `idaccount`, `fullname`, `created_at`, `updated_at`) VALUES ('4e587ddd-e7ec-3659-ba91-226f6cf3aca5', 18, 'Mr. Ian Ortiz I', '2022-06-23 14:23:34', '2022-06-23 14:23:34');
INSERT INTO `accounts` (`id`, `idaccount`, `fullname`, `created_at`, `updated_at`) VALUES ('08da4ac8-c74b-3a8b-8ece-954749a147c6', 19, 'Jadyn Altenwerth', '2022-06-23 14:23:34', '2022-06-23 14:23:34');
INSERT INTO `accounts` (`id`, `idaccount`, `fullname`, `created_at`, `updated_at`) VALUES ('8428c9b6-78b2-33e2-98b3-9a44abd19eaf', 20, 'Muriel Kub', '2022-06-23 14:23:34', '2022-06-23 14:23:34');
INSERT INTO `accounts` (`id`, `idaccount`, `fullname`, `created_at`, `updated_at`) VALUES ('bdb7c75d-58be-32c8-9982-d462ec436de5', 21, 'Barbara Schuster', '2022-06-23 14:23:34', '2022-06-23 14:23:34');
INSERT INTO `accounts` (`id`, `idaccount`, `fullname`, `created_at`, `updated_at`) VALUES ('d48f8aac-3e69-3203-a438-11ba4f1a9a32', 22, 'Santina O\'Kon MD', '2022-06-23 14:23:34', '2022-06-23 14:23:34');
INSERT INTO `accounts` (`id`, `idaccount`, `fullname`, `created_at`, `updated_at`) VALUES ('1d73fc81-71a3-3e64-9133-97e9c1783b93', 23, 'Horace Bernhard', '2022-06-23 14:23:34', '2022-06-23 14:23:34');
INSERT INTO `accounts` (`id`, `idaccount`, `fullname`, `created_at`, `updated_at`) VALUES ('5d0b9e9a-f685-3f9e-907a-ac8d529ac949', 24, 'Miss Mertie Olson', '2022-06-23 14:23:34', '2022-06-23 14:23:34');
INSERT INTO `accounts` (`id`, `idaccount`, `fullname`, `created_at`, `updated_at`) VALUES ('74c8973b-1cce-339a-94a8-5cdb1ab3a3aa', 25, 'Mrs. Caitlyn Hills II', '2022-06-23 14:23:34', '2022-06-23 14:23:34');
INSERT INTO `accounts` (`id`, `idaccount`, `fullname`, `created_at`, `updated_at`) VALUES ('8df68c5f-8a7c-3d66-a9a8-f1c5953fa2a0', 26, 'Ms. Elody Yost', '2022-06-23 14:23:34', '2022-06-23 14:23:34');
INSERT INTO `accounts` (`id`, `idaccount`, `fullname`, `created_at`, `updated_at`) VALUES ('96a830cf-fd11-310b-baa7-032d68f12a58', 27, 'Natalia Reinger DDS', '2022-06-23 14:23:34', '2022-06-23 14:23:34');
INSERT INTO `accounts` (`id`, `idaccount`, `fullname`, `created_at`, `updated_at`) VALUES ('ce64f688-091b-3b0f-88dc-cba109614e52', 28, 'Quinn Abbott II', '2022-06-23 14:23:34', '2022-06-23 14:23:34');
INSERT INTO `accounts` (`id`, `idaccount`, `fullname`, `created_at`, `updated_at`) VALUES ('4aafb1a0-49bb-3834-a82d-5742dc29d178', 29, 'Asa Gutmann', '2022-06-23 14:23:34', '2022-06-23 14:23:34');
INSERT INTO `accounts` (`id`, `idaccount`, `fullname`, `created_at`, `updated_at`) VALUES ('f8689eec-86aa-3325-9c81-de26e2de1f50', 30, 'Frederick Little MD', '2022-06-23 14:23:34', '2022-06-23 14:23:34');
INSERT INTO `accounts` (`id`, `idaccount`, `fullname`, `created_at`, `updated_at`) VALUES ('0a783148-d0e9-37b3-aa81-d10f445e7ab0', 31, 'Amani Koch', '2022-06-23 14:23:34', '2022-06-23 14:23:34');
INSERT INTO `accounts` (`id`, `idaccount`, `fullname`, `created_at`, `updated_at`) VALUES ('162e7a07-760d-31f5-9cbe-859bed9e30eb', 32, 'Dr. Jordy Nicolas DDS', '2022-06-23 14:23:34', '2022-06-23 14:23:34');
INSERT INTO `accounts` (`id`, `idaccount`, `fullname`, `created_at`, `updated_at`) VALUES ('40e15292-a2b8-30d9-8849-03357bdffd69', 33, 'Eliza Wiza', '2022-06-23 14:23:34', '2022-06-23 14:23:34');
INSERT INTO `accounts` (`id`, `idaccount`, `fullname`, `created_at`, `updated_at`) VALUES ('eed7e1a4-c75f-38b4-80db-1a44520cfcfb', 34, 'Connie Hammes', '2022-06-23 14:23:34', '2022-06-23 14:23:34');
INSERT INTO `accounts` (`id`, `idaccount`, `fullname`, `created_at`, `updated_at`) VALUES ('f5d896ff-1e7a-3fbb-82a5-2286db38f481', 35, 'Prof. Mattie Murray Jr.', '2022-06-23 14:23:34', '2022-06-23 14:23:34');
INSERT INTO `accounts` (`id`, `idaccount`, `fullname`, `created_at`, `updated_at`) VALUES ('9c6924b7-666d-38bd-9422-a68b5844e514', 36, 'Uriel Braun', '2022-06-23 14:23:34', '2022-06-23 14:23:34');
INSERT INTO `accounts` (`id`, `idaccount`, `fullname`, `created_at`, `updated_at`) VALUES ('90c4aec5-5685-31b5-aacf-bf39e213a482', 37, 'Kenton Quigley', '2022-06-23 14:23:34', '2022-06-23 14:23:34');
INSERT INTO `accounts` (`id`, `idaccount`, `fullname`, `created_at`, `updated_at`) VALUES ('405ed6e5-14eb-3de2-8d25-065505c5a3d5', 38, 'Judge Schaden', '2022-06-23 14:23:34', '2022-06-23 14:23:34');
INSERT INTO `accounts` (`id`, `idaccount`, `fullname`, `created_at`, `updated_at`) VALUES ('982656f3-d64b-36b5-a9cc-9bb8d2f137fc', 39, 'Mr. Lesley Bahringer III', '2022-06-23 14:23:34', '2022-06-23 14:23:34');
INSERT INTO `accounts` (`id`, `idaccount`, `fullname`, `created_at`, `updated_at`) VALUES ('0805a324-e491-3a01-bfdc-8c8dee9b631e', 40, 'Ena Okuneva', '2022-06-23 14:23:34', '2022-06-23 14:23:34');
INSERT INTO `accounts` (`id`, `idaccount`, `fullname`, `created_at`, `updated_at`) VALUES ('ba802856-1816-310e-af28-d88b6244aa21', 41, 'Mohammed Wyman', '2022-06-23 14:23:34', '2022-06-23 14:23:34');
INSERT INTO `accounts` (`id`, `idaccount`, `fullname`, `created_at`, `updated_at`) VALUES ('efaee74f-061f-399c-b132-321eb53e9fdd', 42, 'Micheal Reichel', '2022-06-23 14:23:34', '2022-06-23 14:23:34');
INSERT INTO `accounts` (`id`, `idaccount`, `fullname`, `created_at`, `updated_at`) VALUES ('8282e17d-9036-3b2f-8d90-55ca7d2e1f37', 43, 'Maximillia Abernathy', '2022-06-23 14:23:34', '2022-06-23 14:23:34');
INSERT INTO `accounts` (`id`, `idaccount`, `fullname`, `created_at`, `updated_at`) VALUES ('cab54356-24e4-3c92-8181-8269c2567a19', 44, 'Barrett Schroeder', '2022-06-23 14:23:34', '2022-06-23 14:23:34');
INSERT INTO `accounts` (`id`, `idaccount`, `fullname`, `created_at`, `updated_at`) VALUES ('e26491f2-7f00-39cb-b866-cbbd6bfdf771', 45, 'Mr. Jayson Bradtke', '2022-06-23 14:23:34', '2022-06-23 14:23:34');
INSERT INTO `accounts` (`id`, `idaccount`, `fullname`, `created_at`, `updated_at`) VALUES ('5ad8f16c-1b38-33a6-9e8c-faa0f7efd066', 46, 'Lisette Brakus', '2022-06-23 14:23:34', '2022-06-23 14:23:34');
INSERT INTO `accounts` (`id`, `idaccount`, `fullname`, `created_at`, `updated_at`) VALUES ('8c161a55-4522-35dc-952b-c9f987d308a9', 47, 'Holly Koepp', '2022-06-23 14:23:34', '2022-06-23 14:23:34');
INSERT INTO `accounts` (`id`, `idaccount`, `fullname`, `created_at`, `updated_at`) VALUES ('0e0f0663-fc2f-3514-abae-ab2803f6b7e1', 48, 'Austin Pfannerstill', '2022-06-23 14:23:34', '2022-06-23 14:23:34');
INSERT INTO `accounts` (`id`, `idaccount`, `fullname`, `created_at`, `updated_at`) VALUES ('8e770467-950c-3061-ad16-22b3cf3c11db', 49, 'Dr. Jeromy Klocko', '2022-06-23 14:23:34', '2022-06-23 14:23:34');
INSERT INTO `accounts` (`id`, `idaccount`, `fullname`, `created_at`, `updated_at`) VALUES ('0b1a7051-ce00-3f97-b832-42bc6dc24970', 50, 'Leonie Bergstrom', '2022-06-23 14:23:34', '2022-06-23 14:23:34');
INSERT INTO `accounts` (`id`, `idaccount`, `fullname`, `created_at`, `updated_at`) VALUES ('7c9de230-5c55-3dbb-b6ed-6b4a329cc4e9', 51, 'Millie Renner', '2022-06-23 14:23:34', '2022-06-23 14:23:34');
INSERT INTO `accounts` (`id`, `idaccount`, `fullname`, `created_at`, `updated_at`) VALUES ('481e3706-4b5f-38e4-8c69-3b096915f75a', 52, 'Mr. Cesar Purdy Sr.', '2022-06-23 14:23:34', '2022-06-23 14:23:34');
INSERT INTO `accounts` (`id`, `idaccount`, `fullname`, `created_at`, `updated_at`) VALUES ('8a57fb42-07f6-3916-a85f-c2cbe9bf1554', 53, 'Lola Macejkovic III', '2022-06-23 14:23:34', '2022-06-23 14:23:34');
INSERT INTO `accounts` (`id`, `idaccount`, `fullname`, `created_at`, `updated_at`) VALUES ('039a5b4a-f360-3eaa-bc7d-b013812a8643', 54, 'Mr. Denis Bode', '2022-06-23 14:23:34', '2022-06-23 14:23:34');
INSERT INTO `accounts` (`id`, `idaccount`, `fullname`, `created_at`, `updated_at`) VALUES ('84694363-7fad-3460-9b26-517a4b20dd82', 55, 'Dr. Zoie Crona', '2022-06-23 14:23:34', '2022-06-23 14:23:34');
INSERT INTO `accounts` (`id`, `idaccount`, `fullname`, `created_at`, `updated_at`) VALUES ('2048ff0f-5959-3165-af54-a236a59bd86d', 56, 'Mr. Norberto Lueilwitz III', '2022-06-23 14:23:34', '2022-06-23 14:23:34');
INSERT INTO `accounts` (`id`, `idaccount`, `fullname`, `created_at`, `updated_at`) VALUES ('f3e5e829-ff8e-3600-aaed-7913e544daa0', 57, 'Chelsea Goodwin', '2022-06-23 14:23:34', '2022-06-23 14:23:34');
INSERT INTO `accounts` (`id`, `idaccount`, `fullname`, `created_at`, `updated_at`) VALUES ('46e5d8b2-ab00-3652-a2f2-d29ab89883cb', 58, 'Carlie Connelly', '2022-06-23 14:23:34', '2022-06-23 14:23:34');
INSERT INTO `accounts` (`id`, `idaccount`, `fullname`, `created_at`, `updated_at`) VALUES ('6a190266-3a2c-3251-a40e-ac953f9c6c73', 59, 'Afton Lynch DVM', '2022-06-23 14:23:34', '2022-06-23 14:23:34');
INSERT INTO `accounts` (`id`, `idaccount`, `fullname`, `created_at`, `updated_at`) VALUES ('2fb2f857-bd44-35b4-be56-07e732a53d38', 60, 'Mr. Thad Cummerata', '2022-06-23 14:23:34', '2022-06-23 14:23:34');
INSERT INTO `accounts` (`id`, `idaccount`, `fullname`, `created_at`, `updated_at`) VALUES ('0f12f874-0142-33e2-924c-67766b646e85', 61, 'Dr. Cory Crona', '2022-06-23 14:23:34', '2022-06-23 14:23:34');
INSERT INTO `accounts` (`id`, `idaccount`, `fullname`, `created_at`, `updated_at`) VALUES ('0fa05584-6e76-310e-85c3-878d7599fa95', 62, 'Meredith Runolfsdottir', '2022-06-23 14:23:34', '2022-06-23 14:23:34');
INSERT INTO `accounts` (`id`, `idaccount`, `fullname`, `created_at`, `updated_at`) VALUES ('062e033a-1e7a-3b41-95c0-f77190e61319', 63, 'Cayla Rosenbaum', '2022-06-23 14:23:34', '2022-06-23 14:23:34');
INSERT INTO `accounts` (`id`, `idaccount`, `fullname`, `created_at`, `updated_at`) VALUES ('fe8a865b-f2ea-3db5-a803-eb3e5a9c3fae', 64, 'Miss Dorothy Metz II', '2022-06-23 14:23:34', '2022-06-23 14:23:34');
INSERT INTO `accounts` (`id`, `idaccount`, `fullname`, `created_at`, `updated_at`) VALUES ('32374d72-3e91-34f0-b4e3-75e165eeb3ff', 65, 'Cecil Howe', '2022-06-23 14:23:34', '2022-06-23 14:23:34');
INSERT INTO `accounts` (`id`, `idaccount`, `fullname`, `created_at`, `updated_at`) VALUES ('b573e86f-ae03-3f03-a560-0570998e4db1', 66, 'Moises Harris Sr.', '2022-06-23 14:23:34', '2022-06-23 14:23:34');
INSERT INTO `accounts` (`id`, `idaccount`, `fullname`, `created_at`, `updated_at`) VALUES ('92f41b5b-b33e-3d58-b2ff-69b631e1f467', 67, 'Ms. Maryam Hamill', '2022-06-23 14:23:34', '2022-06-23 14:23:34');
INSERT INTO `accounts` (`id`, `idaccount`, `fullname`, `created_at`, `updated_at`) VALUES ('31f6cfa0-1544-391e-949a-0d44100f4aae', 68, 'Miss Mina Wisoky', '2022-06-23 14:23:34', '2022-06-23 14:23:34');
INSERT INTO `accounts` (`id`, `idaccount`, `fullname`, `created_at`, `updated_at`) VALUES ('bd77515b-dd86-3ccf-ae83-dc23edafabe4', 69, 'Ms. Wilhelmine Bode', '2022-06-23 14:23:34', '2022-06-23 14:23:34');
INSERT INTO `accounts` (`id`, `idaccount`, `fullname`, `created_at`, `updated_at`) VALUES ('f9565b46-716f-3028-aa07-b135258b9507', 70, 'Jeromy Mante I', '2022-06-23 14:23:34', '2022-06-23 14:23:34');
INSERT INTO `accounts` (`id`, `idaccount`, `fullname`, `created_at`, `updated_at`) VALUES ('42c487b0-9ff4-371c-8484-9fb4617989ac', 71, 'Mrs. Sydnee Metz', '2022-06-23 14:23:34', '2022-06-23 14:23:34');
INSERT INTO `accounts` (`id`, `idaccount`, `fullname`, `created_at`, `updated_at`) VALUES ('297d0bfe-d59d-326c-9a9d-6303fc5ef5b4', 72, 'Astrid Armstrong', '2022-06-23 14:23:34', '2022-06-23 14:23:34');
INSERT INTO `accounts` (`id`, `idaccount`, `fullname`, `created_at`, `updated_at`) VALUES ('23ee3d16-b6a7-3cce-922e-af5200eb463a', 73, 'Gideon Kessler', '2022-06-23 14:23:34', '2022-06-23 14:23:34');
INSERT INTO `accounts` (`id`, `idaccount`, `fullname`, `created_at`, `updated_at`) VALUES ('ec1dbcca-0558-3563-a067-8c84aebd5d05', 74, 'Ms. Margarete Schimmel', '2022-06-23 14:23:34', '2022-06-23 14:23:34');
INSERT INTO `accounts` (`id`, `idaccount`, `fullname`, `created_at`, `updated_at`) VALUES ('c3086cc4-6cbe-3eb5-a7b5-ad5e9172d425', 75, 'Clint Ruecker', '2022-06-23 14:23:34', '2022-06-23 14:23:34');
INSERT INTO `accounts` (`id`, `idaccount`, `fullname`, `created_at`, `updated_at`) VALUES ('7cac9314-91cf-3142-86ad-6b643cce42d5', 76, 'Bulah Bashirian', '2022-06-23 14:23:34', '2022-06-23 14:23:34');
INSERT INTO `accounts` (`id`, `idaccount`, `fullname`, `created_at`, `updated_at`) VALUES ('106da8b7-afd2-3f47-ae94-c964ebda8ad7', 77, 'Cleta Hirthe', '2022-06-23 14:23:34', '2022-06-23 14:23:34');
INSERT INTO `accounts` (`id`, `idaccount`, `fullname`, `created_at`, `updated_at`) VALUES ('95c87673-d8c8-3977-a8be-2e29c13058f4', 78, 'Deion Swaniawski', '2022-06-23 14:23:34', '2022-06-23 14:23:34');
INSERT INTO `accounts` (`id`, `idaccount`, `fullname`, `created_at`, `updated_at`) VALUES ('37847928-20e8-392e-becc-b9c84063dbd9', 79, 'Prof. Kasandra Renner MD', '2022-06-23 14:23:34', '2022-06-23 14:23:34');
INSERT INTO `accounts` (`id`, `idaccount`, `fullname`, `created_at`, `updated_at`) VALUES ('242315f8-0e03-348e-a8f4-c18fc71d4bc1', 80, 'Mrs. Bernadette Connelly MD', '2022-06-23 14:23:34', '2022-06-23 14:23:34');
INSERT INTO `accounts` (`id`, `idaccount`, `fullname`, `created_at`, `updated_at`) VALUES ('264f9a21-c692-35e0-b888-32e3cd0d9d8d', 81, 'Marshall Dach', '2022-06-23 14:23:34', '2022-06-23 14:23:34');
INSERT INTO `accounts` (`id`, `idaccount`, `fullname`, `created_at`, `updated_at`) VALUES ('498d060e-c814-3416-ab46-2c59f513427b', 82, 'Dr. Manuela Walker MD', '2022-06-23 14:23:34', '2022-06-23 14:23:34');
INSERT INTO `accounts` (`id`, `idaccount`, `fullname`, `created_at`, `updated_at`) VALUES ('175bd05c-5a3f-36a4-86ed-8f940c8f4be5', 83, 'Jayne Blick', '2022-06-23 14:23:34', '2022-06-23 14:23:34');
INSERT INTO `accounts` (`id`, `idaccount`, `fullname`, `created_at`, `updated_at`) VALUES ('e3e8b731-cbbb-3799-9cc7-01bfe089ee31', 84, 'Jaeden Berge', '2022-06-23 14:23:34', '2022-06-23 14:23:34');
INSERT INTO `accounts` (`id`, `idaccount`, `fullname`, `created_at`, `updated_at`) VALUES ('89b03500-6593-3382-9a3b-45f08f73bd6c', 85, 'Prof. Sienna Cole III', '2022-06-23 14:23:34', '2022-06-23 14:23:34');
INSERT INTO `accounts` (`id`, `idaccount`, `fullname`, `created_at`, `updated_at`) VALUES ('83c22378-58ed-3fc6-bfba-f587c934881a', 86, 'Sandy Zboncak', '2022-06-23 14:23:34', '2022-06-23 14:23:34');
INSERT INTO `accounts` (`id`, `idaccount`, `fullname`, `created_at`, `updated_at`) VALUES ('2c837865-795a-3616-8019-2374bd10fd42', 87, 'Stephon Wilkinson', '2022-06-23 14:23:34', '2022-06-23 14:23:34');
INSERT INTO `accounts` (`id`, `idaccount`, `fullname`, `created_at`, `updated_at`) VALUES ('8041feb9-f7c7-3b78-ae61-7fd97a8c2c86', 88, 'Beau Robel DDS', '2022-06-23 14:23:34', '2022-06-23 14:23:34');
INSERT INTO `accounts` (`id`, `idaccount`, `fullname`, `created_at`, `updated_at`) VALUES ('7a69b5c8-91ce-3f4e-9833-111bfad1c5c0', 89, 'Prof. Ulises Kshlerin Jr.', '2022-06-23 14:23:34', '2022-06-23 14:23:34');
INSERT INTO `accounts` (`id`, `idaccount`, `fullname`, `created_at`, `updated_at`) VALUES ('fac151e7-e0e6-3b4f-b11e-d32df1c9cc97', 90, 'Miss Ofelia Kovacek', '2022-06-23 14:23:34', '2022-06-23 14:23:34');
INSERT INTO `accounts` (`id`, `idaccount`, `fullname`, `created_at`, `updated_at`) VALUES ('3352a2fb-a8d6-3dff-a5d0-08f8652cc5c6', 91, 'Rebeka Klein', '2022-06-23 14:23:34', '2022-06-23 14:23:34');
INSERT INTO `accounts` (`id`, `idaccount`, `fullname`, `created_at`, `updated_at`) VALUES ('b7458867-9741-3cda-aa3b-4e0f0edb6962', 92, 'Cassie Hane', '2022-06-23 14:23:34', '2022-06-23 14:23:34');
INSERT INTO `accounts` (`id`, `idaccount`, `fullname`, `created_at`, `updated_at`) VALUES ('0c3ecea2-084e-3b6c-94b2-86a16a47db3f', 93, 'Ms. Karlee Grady', '2022-06-23 14:23:34', '2022-06-23 14:23:34');
INSERT INTO `accounts` (`id`, `idaccount`, `fullname`, `created_at`, `updated_at`) VALUES ('86ee544a-eeb3-386a-8597-8752a95adf9b', 94, 'Retha Turcotte', '2022-06-23 14:23:34', '2022-06-23 14:23:34');
INSERT INTO `accounts` (`id`, `idaccount`, `fullname`, `created_at`, `updated_at`) VALUES ('9eb752fa-0144-3b46-9671-7d3e85108c7a', 95, 'Sean Dickinson', '2022-06-23 14:23:34', '2022-06-23 14:23:34');
INSERT INTO `accounts` (`id`, `idaccount`, `fullname`, `created_at`, `updated_at`) VALUES ('5aa1134f-d1af-3c8c-8666-a51507d7d158', 96, 'Justine Marvin MD', '2022-06-23 14:23:34', '2022-06-23 14:23:34');
INSERT INTO `accounts` (`id`, `idaccount`, `fullname`, `created_at`, `updated_at`) VALUES ('e05d9e7f-e036-3661-88ce-06d825f7c64f', 97, 'Dr. Ashton Aufderhar', '2022-06-23 14:23:34', '2022-06-23 14:23:34');
INSERT INTO `accounts` (`id`, `idaccount`, `fullname`, `created_at`, `updated_at`) VALUES ('1fa3cf98-9210-3da8-943b-767c7ad32f0d', 98, 'Florencio Casper', '2022-06-23 14:23:34', '2022-06-23 14:23:34');
INSERT INTO `accounts` (`id`, `idaccount`, `fullname`, `created_at`, `updated_at`) VALUES ('f95939da-0d87-37c2-9ba9-7b54759fa147', 99, 'Zola Wiza Jr.', '2022-06-23 14:23:34', '2022-06-23 14:23:34');
INSERT INTO `accounts` (`id`, `idaccount`, `fullname`, `created_at`, `updated_at`) VALUES ('5a7b8a58-1c7d-3680-8053-2638e805daa6', 100, 'Heidi Pouros', '2022-06-23 14:23:34', '2022-06-23 14:23:34');


#
# TABLE STRUCTURE FOR: simple_payments
#

DROP TABLE IF EXISTS `simple_payments`;

CREATE TABLE `simple_payments` (
  `id` varchar(36) COLLATE utf8mb4_unicode_ci NOT NULL,
  `idsm` int(11) NOT NULL AUTO_INCREMENT,
  `user_id` varchar(36) COLLATE utf8mb4_unicode_ci NOT NULL,
  `created_at` timestamp NOT NULL DEFAULT current_timestamp(),
  `updated_at` timestamp NOT NULL DEFAULT current_timestamp(),
  `amount` decimal(19,6) DEFAULT 0.000000,
  `currency` varchar(3) COLLATE utf8mb4_unicode_ci NOT NULL,
  PRIMARY KEY (`idsm`),
  UNIQUE KEY `id` (`id`)
) ENGINE=InnoDB AUTO_INCREMENT=101 DEFAULT CHARSET=utf8mb4 COLLATE=utf8mb4_unicode_ci;

INSERT INTO `simple_payments` (`id`, `idsm`, `user_id`, `created_at`, `updated_at`, `amount`, `currency`) VALUES ('9fadaf3d-af1b-36a7-a789-4d970399c230', 1, '02924c72-d685-3813-adcd-a206a27a493f', '2015-12-19 22:56:01', '1999-06-21 18:06:39', '21765004.870000', '\"SG');
INSERT INTO `simple_payments` (`id`, `idsm`, `user_id`, `created_at`, `updated_at`, `amount`, `currency`) VALUES ('d89337bf-592b-3ffe-9228-a3b22ba7d58e', 2, '04889a1d-533d-3cda-b0e5-02ce7e403428', '1997-09-17 23:09:49', '2000-01-19 22:16:17', '402511.198595', '\"US');
INSERT INTO `simple_payments` (`id`, `idsm`, `user_id`, `created_at`, `updated_at`, `amount`, `currency`) VALUES ('c8bbf0db-e147-300c-a26f-56aba4888b05', 3, '07e6221c-5d06-3a0b-aef8-bd2fe910d149', '1973-08-20 04:56:11', '1990-10-22 16:50:19', '0.000000', '\"ID');
INSERT INTO `simple_payments` (`id`, `idsm`, `user_id`, `created_at`, `updated_at`, `amount`, `currency`) VALUES ('9c8fcfa4-3e98-3f2f-b5d1-ead0b296f19e', 4, '08fd6ff7-a349-34a1-b806-89880b8fb10e', '1972-08-27 13:32:20', '2021-05-14 22:49:36', '209.524000', '\"ID');
INSERT INTO `simple_payments` (`id`, `idsm`, `user_id`, `created_at`, `updated_at`, `amount`, `currency`) VALUES ('47b64a96-c0f1-3543-9727-3ac546e466d5', 5, '0e4526af-4e9d-31f5-ad39-c5b2a387b9ca', '2018-10-15 10:00:31', '1996-05-10 08:45:40', '8644759.649800', '\"ID');
INSERT INTO `simple_payments` (`id`, `idsm`, `user_id`, `created_at`, `updated_at`, `amount`, `currency`) VALUES ('2fb4680c-cf2a-3137-a773-27062a35f653', 6, '104fa869-4fad-3f7c-a056-198061e7b16c', '1998-05-10 13:33:09', '2020-01-05 16:01:41', '3.539802', '\"US');
INSERT INTO `simple_payments` (`id`, `idsm`, `user_id`, `created_at`, `updated_at`, `amount`, `currency`) VALUES ('eca71032-1b9f-3a13-a1e5-6e4d249602bd', 7, '15f42ffb-1927-35c7-85e9-d0e5c0634a96', '2001-10-28 20:36:38', '1992-10-17 19:48:17', '674161.144290', '\"ID');
INSERT INTO `simple_payments` (`id`, `idsm`, `user_id`, `created_at`, `updated_at`, `amount`, `currency`) VALUES ('51f32060-d044-397c-b412-16b06666bbc5', 8, '195554aa-747b-3129-9ab2-94d293b35d0b', '2020-10-28 07:50:30', '2004-03-01 16:36:21', '5341451.390711', '\"ID');
INSERT INTO `simple_payments` (`id`, `idsm`, `user_id`, `created_at`, `updated_at`, `amount`, `currency`) VALUES ('a257cb99-8552-33ac-b8c6-ccb4b33883a4', 9, '19706592-552c-3e56-be3e-685847dc2eb9', '2003-09-07 22:55:02', '2015-03-12 15:52:40', '369977.547843', '\"US');
INSERT INTO `simple_payments` (`id`, `idsm`, `user_id`, `created_at`, `updated_at`, `amount`, `currency`) VALUES ('f51d8464-688a-3e84-ac07-636276094d75', 10, '1b494f36-9e52-38ea-a59b-926f0763be94', '1971-12-21 06:36:46', '2008-03-14 09:30:04', '37203924.752190', '\"US');
INSERT INTO `simple_payments` (`id`, `idsm`, `user_id`, `created_at`, `updated_at`, `amount`, `currency`) VALUES ('79195a48-6a68-3c35-8064-57b479be4a72', 11, '1f2cb475-a410-3056-9b83-a6caf12078c5', '1992-07-07 01:56:42', '2002-07-11 13:46:51', '5128.744451', '\"ID');
INSERT INTO `simple_payments` (`id`, `idsm`, `user_id`, `created_at`, `updated_at`, `amount`, `currency`) VALUES ('18bef3f8-b845-3b14-9bd2-c47a2d6633a1', 12, '21cbf4cb-6897-3ef4-ad36-a4aaeb36a5cf', '2010-08-25 00:14:42', '2002-04-17 23:48:01', '606480399.000000', '\"US');
INSERT INTO `simple_payments` (`id`, `idsm`, `user_id`, `created_at`, `updated_at`, `amount`, `currency`) VALUES ('ccd1e14b-6c68-329e-8b80-2721a4d40364', 13, '243d67db-a4bf-34d1-964a-46da9e57b390', '1992-07-05 18:57:33', '1998-09-20 14:56:39', '525790.919177', '\"US');
INSERT INTO `simple_payments` (`id`, `idsm`, `user_id`, `created_at`, `updated_at`, `amount`, `currency`) VALUES ('5c4b96f7-c0e7-34d0-a8d8-f090f66f70f7', 14, '25ebf8f2-6d46-34ac-a404-0d96e6fcd7f4', '1993-03-31 07:15:56', '1970-10-17 11:53:49', '86181691.005000', '\"US');
INSERT INTO `simple_payments` (`id`, `idsm`, `user_id`, `created_at`, `updated_at`, `amount`, `currency`) VALUES ('34e20ef8-fe2d-3747-a9c4-874ed7480bb1', 15, '2ec665e5-cdf9-3239-9fa8-f7e27e00eaab', '2002-02-26 03:37:34', '2020-02-01 19:29:04', '0.609248', '\"US');
INSERT INTO `simple_payments` (`id`, `idsm`, `user_id`, `created_at`, `updated_at`, `amount`, `currency`) VALUES ('42a7eceb-4851-36da-8545-5c307ca466e1', 16, '2ff288a6-943d-3fbb-ace9-76a889bd7393', '2020-09-24 04:29:19', '2015-10-28 02:28:35', '1.337916', '\"ID');
INSERT INTO `simple_payments` (`id`, `idsm`, `user_id`, `created_at`, `updated_at`, `amount`, `currency`) VALUES ('6c48fbe7-8e17-3849-b80d-b3e73e1c4239', 17, '354c6b84-f647-3fc5-877e-6d804382230e', '1975-10-14 19:03:18', '1970-07-16 08:16:57', '2417432.000000', '\"ID');
INSERT INTO `simple_payments` (`id`, `idsm`, `user_id`, `created_at`, `updated_at`, `amount`, `currency`) VALUES ('8c0521f5-a586-3ef1-8123-9a30f10da34d', 18, '37832f8c-659b-3aca-9946-55a26972e84b', '2000-01-07 23:33:21', '1979-09-29 17:27:57', '1602385.318376', '\"SG');
INSERT INTO `simple_payments` (`id`, `idsm`, `user_id`, `created_at`, `updated_at`, `amount`, `currency`) VALUES ('69fc007a-e3b4-3778-a741-245659308865', 19, '3791cecb-2ffd-33b5-acc5-e0e2f0d90b6a', '1971-04-15 02:56:54', '1986-12-13 10:32:53', '383557.917612', '\"US');
INSERT INTO `simple_payments` (`id`, `idsm`, `user_id`, `created_at`, `updated_at`, `amount`, `currency`) VALUES ('8de91538-075a-3e6f-8c32-d8e82c007d85', 20, '3b5e3f91-8937-33c1-86f2-0caaa5a55708', '1987-12-18 09:54:37', '1989-07-25 13:50:47', '22445.870000', '\"US');
INSERT INTO `simple_payments` (`id`, `idsm`, `user_id`, `created_at`, `updated_at`, `amount`, `currency`) VALUES ('e1e41a36-6edb-3503-9e42-e8849f05707b', 21, '3bf64fe4-1e93-3b77-9e94-243b7db4c3f6', '1971-02-23 13:55:37', '2020-05-15 01:06:31', '38379.619802', '\"US');
INSERT INTO `simple_payments` (`id`, `idsm`, `user_id`, `created_at`, `updated_at`, `amount`, `currency`) VALUES ('2e34b6ee-ba57-3e67-b96c-1b5773dfcf3a', 22, '3e3ca52c-b3c0-3a72-85e1-abcb0d656b84', '1982-05-31 16:44:38', '1974-06-22 17:08:58', '16391.336765', '\"SG');
INSERT INTO `simple_payments` (`id`, `idsm`, `user_id`, `created_at`, `updated_at`, `amount`, `currency`) VALUES ('28684f04-e6cc-36d1-b949-72ed23938667', 23, '3f2a5ae3-b7a6-3cce-9928-2f26bd548d76', '2002-11-16 01:43:03', '1983-11-27 11:11:42', '1.100000', '\"US');
INSERT INTO `simple_payments` (`id`, `idsm`, `user_id`, `created_at`, `updated_at`, `amount`, `currency`) VALUES ('b244fe21-9ff0-3237-9ee7-12971225d91a', 24, '3f551ebc-5b55-34f8-ad58-31860835c422', '2013-12-16 00:48:53', '2016-07-18 21:56:15', '20734655.110000', '\"SG');
INSERT INTO `simple_payments` (`id`, `idsm`, `user_id`, `created_at`, `updated_at`, `amount`, `currency`) VALUES ('1266eaf2-3da2-35a8-b207-f5d79e07c8f7', 25, '410a2266-7d70-3bcf-b4b8-67df713436d7', '2021-05-31 08:16:27', '2012-10-30 18:24:38', '23.100000', '\"ID');
INSERT INTO `simple_payments` (`id`, `idsm`, `user_id`, `created_at`, `updated_at`, `amount`, `currency`) VALUES ('edc09884-90cd-31c5-abd9-2433f4995dee', 26, '427d54fb-801a-3be8-9436-4e0c95bca7cd', '2020-12-28 03:34:56', '1982-03-24 05:38:16', '357495.011620', '\"ID');
INSERT INTO `simple_payments` (`id`, `idsm`, `user_id`, `created_at`, `updated_at`, `amount`, `currency`) VALUES ('6b8a6752-e871-3761-9ced-989e89bdd394', 27, '42997e39-7252-32bf-8e0c-64b22fc34dce', '1988-10-13 14:17:51', '2008-01-16 05:14:00', '39669.500000', '\"SG');
INSERT INTO `simple_payments` (`id`, `idsm`, `user_id`, `created_at`, `updated_at`, `amount`, `currency`) VALUES ('fcfb1f2e-f7cf-3868-9fda-9805ef3e7025', 28, '446fc580-a042-32ff-8735-56613013ece5', '1994-04-26 21:28:16', '1991-03-31 22:25:37', '621169.381300', '\"ID');
INSERT INTO `simple_payments` (`id`, `idsm`, `user_id`, `created_at`, `updated_at`, `amount`, `currency`) VALUES ('e662d624-4140-3acf-aee4-e7d10e3a17f6', 29, '47bd4add-bbb6-3ca2-b11a-f495a474a7cf', '2010-02-15 01:40:33', '2017-04-18 23:22:16', '31043437.049791', '\"SG');
INSERT INTO `simple_payments` (`id`, `idsm`, `user_id`, `created_at`, `updated_at`, `amount`, `currency`) VALUES ('76f6cdfe-8fe9-344a-bbad-40a57b87b139', 30, '48c8d219-ca0d-365b-b79b-28579585b069', '1979-05-18 00:58:09', '1979-08-30 15:55:16', '3724390.760700', '\"SG');
INSERT INTO `simple_payments` (`id`, `idsm`, `user_id`, `created_at`, `updated_at`, `amount`, `currency`) VALUES ('15eebf14-e3fe-36d7-bc50-dc5288d41669', 31, '493d5e48-6821-38bb-a275-84412941cb6e', '1976-02-16 14:16:44', '1975-08-20 19:08:31', '29890.522472', '\"SG');
INSERT INTO `simple_payments` (`id`, `idsm`, `user_id`, `created_at`, `updated_at`, `amount`, `currency`) VALUES ('1ce746fe-5cae-3c09-8899-3d3bd63da708', 32, '4a44c196-a472-3202-a1eb-1d6d824c4549', '1983-12-13 18:03:02', '2010-01-31 00:16:25', '16333423.974200', '\"ID');
INSERT INTO `simple_payments` (`id`, `idsm`, `user_id`, `created_at`, `updated_at`, `amount`, `currency`) VALUES ('631d7d53-78e0-30a2-9cf7-efc6b0f9d87c', 33, '4f0003a7-c60f-34e6-954e-6391ff3eedad', '1985-01-26 20:20:36', '2004-07-01 11:18:09', '275.000000', '\"ID');
INSERT INTO `simple_payments` (`id`, `idsm`, `user_id`, `created_at`, `updated_at`, `amount`, `currency`) VALUES ('4db47bf7-f5da-3ff9-a553-10d5ad9f4bb0', 34, '520044d5-b8fb-3db2-9cbc-771010573b08', '1983-08-17 12:23:57', '2020-09-01 19:35:14', '23319.673100', '\"SG');
INSERT INTO `simple_payments` (`id`, `idsm`, `user_id`, `created_at`, `updated_at`, `amount`, `currency`) VALUES ('88c287e6-ac46-36a1-8604-33374a0791d6', 35, '5784b539-e5a5-3bef-8000-e216297e0b99', '1973-09-10 21:59:16', '1996-10-05 00:57:09', '20.683300', '\"US');
INSERT INTO `simple_payments` (`id`, `idsm`, `user_id`, `created_at`, `updated_at`, `amount`, `currency`) VALUES ('4155331a-1998-3cea-b3cc-361d254478de', 36, '579001f8-db42-3d3f-8ac1-e2cc176fab11', '2017-01-31 23:17:00', '2020-06-07 09:03:47', '3.120591', '\"US');
INSERT INTO `simple_payments` (`id`, `idsm`, `user_id`, `created_at`, `updated_at`, `amount`, `currency`) VALUES ('814c22b4-5a58-3b62-ac54-679c24367330', 37, '5a444d8e-66e9-3541-9103-ec2525aabf6d', '2003-07-05 05:09:59', '2003-11-14 08:07:51', '72021164.350000', '\"SG');
INSERT INTO `simple_payments` (`id`, `idsm`, `user_id`, `created_at`, `updated_at`, `amount`, `currency`) VALUES ('d81067f1-9bc5-3414-aead-7a27c81d8b15', 38, '60b647b4-a8cc-373f-8eb4-1dfff8325800', '2021-09-21 17:59:25', '1981-11-04 11:14:13', '365326.903235', '\"US');
INSERT INTO `simple_payments` (`id`, `idsm`, `user_id`, `created_at`, `updated_at`, `amount`, `currency`) VALUES ('203c3404-3a95-3e36-913f-62eb09f3d17a', 39, '61c53703-2023-3e98-9a9d-8d5591b2584a', '1976-12-18 03:03:26', '1975-05-07 02:22:24', '3614.699646', '\"ID');
INSERT INTO `simple_payments` (`id`, `idsm`, `user_id`, `created_at`, `updated_at`, `amount`, `currency`) VALUES ('3dc7e5d7-9654-34a9-b9b5-19baf63358ae', 40, '63eb9c75-6b7e-3fc4-baa0-59622e64cd04', '2007-01-03 09:50:37', '1990-09-21 21:59:40', '11.791910', '\"SG');
INSERT INTO `simple_payments` (`id`, `idsm`, `user_id`, `created_at`, `updated_at`, `amount`, `currency`) VALUES ('a5bea6ac-39f7-3482-80f7-800df904e6f0', 41, '72292887-88d2-3087-95d0-0f2a50a913d1', '2012-02-18 04:12:57', '1982-11-01 05:26:39', '6.186800', '\"SG');
INSERT INTO `simple_payments` (`id`, `idsm`, `user_id`, `created_at`, `updated_at`, `amount`, `currency`) VALUES ('aafaca3e-993b-351c-abd3-e3d58f0523b1', 42, '72567873-92e6-3437-83f1-d3b54b510fc1', '1990-11-14 08:47:52', '1989-08-27 13:46:10', '9670074.600000', '\"SG');
INSERT INTO `simple_payments` (`id`, `idsm`, `user_id`, `created_at`, `updated_at`, `amount`, `currency`) VALUES ('41bf3faf-4578-3b48-97b3-df02b9a6196e', 43, '73a21412-11c1-3f6a-b705-d141a3177244', '2009-10-28 01:24:17', '1995-12-31 14:30:15', '304.409700', '\"SG');
INSERT INTO `simple_payments` (`id`, `idsm`, `user_id`, `created_at`, `updated_at`, `amount`, `currency`) VALUES ('6dba8ffe-dd21-341c-bb1e-55464b67cb12', 44, '74e43135-5fb5-360b-97f5-36313fbaea88', '2020-12-17 12:23:07', '2008-05-17 15:10:32', '5683023.392100', '\"ID');
INSERT INTO `simple_payments` (`id`, `idsm`, `user_id`, `created_at`, `updated_at`, `amount`, `currency`) VALUES ('4013e507-417b-31b1-950f-f1b116232c19', 45, '7636871b-0c47-3c8b-83d4-0dbb7f829e9a', '1994-07-23 07:16:53', '1972-04-11 11:27:58', '0.410000', '\"ID');
INSERT INTO `simple_payments` (`id`, `idsm`, `user_id`, `created_at`, `updated_at`, `amount`, `currency`) VALUES ('91d7babd-eb8a-3ff2-9d53-199a4e5395ce', 46, '79f9c332-7c6d-379e-b08c-730168975628', '2012-07-31 12:04:35', '2020-03-21 19:20:32', '474790209.232050', '\"US');
INSERT INTO `simple_payments` (`id`, `idsm`, `user_id`, `created_at`, `updated_at`, `amount`, `currency`) VALUES ('7dbb1670-5841-3790-b819-7f5e2258586c', 47, '7a9bde9d-7f72-31ca-a9d4-68afbaadf387', '1991-11-10 23:36:49', '1998-11-29 02:23:23', '309.000000', '\"US');
INSERT INTO `simple_payments` (`id`, `idsm`, `user_id`, `created_at`, `updated_at`, `amount`, `currency`) VALUES ('b7cc8317-36c5-3491-9920-1f8d27aa3c42', 48, '7b2b87cd-daa2-3c9a-962c-7a6a8f3a186e', '1996-03-11 21:34:47', '2021-11-13 05:23:01', '283063094.486670', '\"SG');
INSERT INTO `simple_payments` (`id`, `idsm`, `user_id`, `created_at`, `updated_at`, `amount`, `currency`) VALUES ('1f1de645-2d50-3876-9c9c-e8b8de775d2a', 49, '7bd41b17-3cf5-3a2f-9a08-74addb8b34c9', '2018-11-23 08:08:27', '1970-09-16 11:48:38', '5612.200000', '\"US');
INSERT INTO `simple_payments` (`id`, `idsm`, `user_id`, `created_at`, `updated_at`, `amount`, `currency`) VALUES ('bb92f5cf-2ccc-33c7-9417-729301d651aa', 50, '7c6af5d2-763f-3a35-ac27-0d754ff96507', '1977-03-13 07:21:30', '2007-12-23 23:32:19', '39702.524100', '\"SG');
INSERT INTO `simple_payments` (`id`, `idsm`, `user_id`, `created_at`, `updated_at`, `amount`, `currency`) VALUES ('f5c67ec6-79dd-3141-a6ee-5c9c803d60d5', 51, '82002cf1-adcd-390a-98bf-69b2bb9d79cb', '1991-09-06 00:33:41', '2003-04-10 00:38:48', '22056618.006954', '\"SG');
INSERT INTO `simple_payments` (`id`, `idsm`, `user_id`, `created_at`, `updated_at`, `amount`, `currency`) VALUES ('a29b8016-9413-3f9d-9bb7-b6912b29428b', 52, '85e314d9-d6f1-306b-9e48-502e66db664f', '1990-07-18 09:48:46', '1983-09-01 08:17:25', '93809091.240570', '\"US');
INSERT INTO `simple_payments` (`id`, `idsm`, `user_id`, `created_at`, `updated_at`, `amount`, `currency`) VALUES ('be167688-cefe-3738-8d78-bc9ef682bf31', 53, '8b42438c-e620-313f-9048-c81455219b90', '1989-06-25 06:24:48', '1996-11-14 13:46:24', '4.895106', '\"ID');
INSERT INTO `simple_payments` (`id`, `idsm`, `user_id`, `created_at`, `updated_at`, `amount`, `currency`) VALUES ('fb1c67b8-afaf-309d-80fd-0983ef0f5110', 54, '8fafeb07-80c3-3e08-9556-06489acf1e76', '2014-07-13 11:50:32', '2019-02-03 19:11:17', '211291.159000', '\"SG');
INSERT INTO `simple_payments` (`id`, `idsm`, `user_id`, `created_at`, `updated_at`, `amount`, `currency`) VALUES ('16e4d1b3-c4ad-3ac6-b653-e0f54aa01161', 55, '8fbce045-693b-3b96-9b91-f31d25cc8a69', '1971-05-28 22:32:43', '2008-02-03 06:58:46', '73921.160000', '\"SG');
INSERT INTO `simple_payments` (`id`, `idsm`, `user_id`, `created_at`, `updated_at`, `amount`, `currency`) VALUES ('f4aa1e7d-1b7d-39ae-b80d-1522fbf2b7d2', 56, '9099dc60-feeb-3dab-afb5-333b38166471', '2000-04-16 01:30:29', '2013-11-21 08:10:54', '3.448820', '\"US');
INSERT INTO `simple_payments` (`id`, `idsm`, `user_id`, `created_at`, `updated_at`, `amount`, `currency`) VALUES ('d658833e-badc-30eb-ae5d-03146098d481', 57, '92aaf79c-1d8a-3a4b-9468-d5d04d46dcc3', '2012-03-21 02:18:40', '1983-05-11 06:52:55', '0.923847', '\"ID');
INSERT INTO `simple_payments` (`id`, `idsm`, `user_id`, `created_at`, `updated_at`, `amount`, `currency`) VALUES ('cf576c4f-8016-3c68-be9f-5c5004d5ca86', 58, '95f8f88c-a8ee-35aa-b921-edcb542dcd9e', '1997-10-30 07:01:43', '1973-08-13 14:30:19', '6123.974619', '\"SG');
INSERT INTO `simple_payments` (`id`, `idsm`, `user_id`, `created_at`, `updated_at`, `amount`, `currency`) VALUES ('70e25092-7584-347f-9fb2-c1c6487076f3', 59, '982c0821-567a-38d6-9e23-1792d55bc5e1', '2016-01-09 22:29:59', '1996-10-14 00:22:56', '74.840000', '\"ID');
INSERT INTO `simple_payments` (`id`, `idsm`, `user_id`, `created_at`, `updated_at`, `amount`, `currency`) VALUES ('5c56d36d-203b-38ba-816e-9efa97e9955b', 60, '9b6ec23d-55f7-3b5b-b29e-2810753edb86', '2010-07-03 19:16:27', '1989-02-06 07:35:04', '0.000000', '\"ID');
INSERT INTO `simple_payments` (`id`, `idsm`, `user_id`, `created_at`, `updated_at`, `amount`, `currency`) VALUES ('47798977-2138-3db6-80fb-e55e72735ac3', 61, '9ec931ad-1459-334a-b0ea-eaff56a2bf32', '2009-03-21 06:56:48', '2006-07-04 08:57:05', '4257602.992936', '\"SG');
INSERT INTO `simple_payments` (`id`, `idsm`, `user_id`, `created_at`, `updated_at`, `amount`, `currency`) VALUES ('99e36896-0a5c-336c-a849-4be868cd900f', 62, '9f97170d-d8cd-394e-805d-05b864305809', '1999-01-27 21:32:54', '1971-10-25 22:50:01', '40468.000000', '\"ID');
INSERT INTO `simple_payments` (`id`, `idsm`, `user_id`, `created_at`, `updated_at`, `amount`, `currency`) VALUES ('01588283-0895-37a1-91d8-71c6f435203b', 63, 'a1a7c559-99a8-3dfa-a12b-c80e9f15fe2d', '1999-10-26 03:00:34', '2022-03-29 15:46:42', '127394.930000', '\"SG');
INSERT INTO `simple_payments` (`id`, `idsm`, `user_id`, `created_at`, `updated_at`, `amount`, `currency`) VALUES ('0feb1d8e-ffca-34ed-8271-1750cbfb5ecc', 64, 'a2c9127c-da98-3ed2-bba1-73ef3c4d537d', '1983-02-21 01:32:28', '2014-03-16 00:22:10', '2584.400000', '\"US');
INSERT INTO `simple_payments` (`id`, `idsm`, `user_id`, `created_at`, `updated_at`, `amount`, `currency`) VALUES ('ebb3d2bd-fa38-3da6-8b1e-6527088906bd', 65, 'a3aa46c2-d588-3c70-a0ba-e9863c1b1184', '2016-08-20 19:41:07', '1971-08-05 06:32:19', '96435.960867', '\"SG');
INSERT INTO `simple_payments` (`id`, `idsm`, `user_id`, `created_at`, `updated_at`, `amount`, `currency`) VALUES ('78f53427-439d-3128-8841-659e8ce343dc', 66, 'a46a57ee-1f6d-3339-808c-94409341c150', '1978-03-25 04:00:00', '2007-01-26 14:32:26', '7001039.684677', '\"ID');
INSERT INTO `simple_payments` (`id`, `idsm`, `user_id`, `created_at`, `updated_at`, `amount`, `currency`) VALUES ('77fcdf08-da8e-3874-afb0-664e1f74f57a', 67, 'a815f8dc-578e-30af-8270-544c29effa93', '2004-10-23 16:24:15', '2004-01-17 21:39:34', '14.400210', '\"US');
INSERT INTO `simple_payments` (`id`, `idsm`, `user_id`, `created_at`, `updated_at`, `amount`, `currency`) VALUES ('758099ef-9787-3fb9-ac4a-fd9f4ac178fe', 68, 'a8b592ec-9201-3691-b9cf-a4b3721b18f1', '1984-08-23 15:23:59', '2007-11-29 22:16:36', '634.251670', '\"SG');
INSERT INTO `simple_payments` (`id`, `idsm`, `user_id`, `created_at`, `updated_at`, `amount`, `currency`) VALUES ('970bc558-eb1b-3593-a796-9b32a52f4bfc', 69, 'a976a957-4d6a-36e5-9d7f-6356221513d8', '2001-09-25 10:44:57', '1975-10-24 09:39:42', '37.400000', '\"ID');
INSERT INTO `simple_payments` (`id`, `idsm`, `user_id`, `created_at`, `updated_at`, `amount`, `currency`) VALUES ('015e13ad-b76d-3fe4-a7f7-38a80b68b386', 70, 'afd756de-5356-3544-8b88-222b9748cad2', '1989-08-17 09:52:41', '1973-07-18 02:19:39', '9248.394800', '\"SG');
INSERT INTO `simple_payments` (`id`, `idsm`, `user_id`, `created_at`, `updated_at`, `amount`, `currency`) VALUES ('23e98a44-67a7-3e70-ab3f-a0308dcfd271', 71, 'b0052898-3180-3113-9b28-89a3c45a56c7', '2010-02-24 15:21:24', '2015-05-08 08:08:25', '1.854600', '\"US');
INSERT INTO `simple_payments` (`id`, `idsm`, `user_id`, `created_at`, `updated_at`, `amount`, `currency`) VALUES ('a525652c-240c-30af-af9a-a86441a4ad6a', 72, 'b574028c-7220-3f90-8c8c-450520bc974c', '1972-04-03 12:22:54', '1985-07-03 16:24:56', '1573.170068', '\"SG');
INSERT INTO `simple_payments` (`id`, `idsm`, `user_id`, `created_at`, `updated_at`, `amount`, `currency`) VALUES ('891376bf-74b7-32cd-abe6-f6260af9454c', 73, 'b7ba75b2-238c-3125-8ba4-d0311a093172', '1985-03-25 16:33:59', '1999-11-16 19:24:22', '6839580.189130', '\"SG');
INSERT INTO `simple_payments` (`id`, `idsm`, `user_id`, `created_at`, `updated_at`, `amount`, `currency`) VALUES ('1fe78596-73a0-3bb1-a6d7-4f5f9b80fb1f', 74, 'b90fe32d-8c30-32b8-bf2d-e93423c3e436', '2003-03-19 14:56:39', '2002-03-22 18:26:31', '0.000000', '\"SG');
INSERT INTO `simple_payments` (`id`, `idsm`, `user_id`, `created_at`, `updated_at`, `amount`, `currency`) VALUES ('89dcc140-c675-3a6a-851c-a23affd6e81f', 75, 'ba0aef81-763c-3460-a820-528053f75503', '1989-04-15 23:18:37', '2001-09-13 05:33:37', '0.000000', '\"US');
INSERT INTO `simple_payments` (`id`, `idsm`, `user_id`, `created_at`, `updated_at`, `amount`, `currency`) VALUES ('14d299f4-a505-39ea-9eac-7ea43eaf9fd0', 76, 'ba5d17fc-5b2c-3665-825e-ce4b492dd8b6', '2010-02-14 13:34:02', '2014-11-14 12:35:11', '19.574000', '\"ID');
INSERT INTO `simple_payments` (`id`, `idsm`, `user_id`, `created_at`, `updated_at`, `amount`, `currency`) VALUES ('c0869745-37df-39b5-ac51-b43ca33e04f9', 77, 'bb63ec2d-3ab1-329d-9dea-9fe6f589e479', '1985-05-07 15:33:31', '1997-03-21 08:23:22', '3880.723750', '\"SG');
INSERT INTO `simple_payments` (`id`, `idsm`, `user_id`, `created_at`, `updated_at`, `amount`, `currency`) VALUES ('2bfa1702-c6d2-34ac-a256-4e26d1041680', 78, 'c260a1f6-ea3a-3b56-8f0a-2a05c2ca13d0', '1973-10-02 22:10:15', '2000-06-12 13:57:51', '0.000000', '\"SG');
INSERT INTO `simple_payments` (`id`, `idsm`, `user_id`, `created_at`, `updated_at`, `amount`, `currency`) VALUES ('577f2e39-6291-3f00-a3a4-bd7993d5abb7', 79, 'c3c7c366-ce5e-3848-940f-3a2c166dd7ac', '2012-01-19 17:54:19', '2013-08-31 05:30:11', '2798.045202', '\"ID');
INSERT INTO `simple_payments` (`id`, `idsm`, `user_id`, `created_at`, `updated_at`, `amount`, `currency`) VALUES ('712befa0-03cd-3030-aa72-8956553e15ab', 80, 'c7ac7239-5109-3ee3-91e6-f97be8148232', '2012-01-29 22:29:09', '2010-02-16 20:56:27', '314.531200', '\"ID');
INSERT INTO `simple_payments` (`id`, `idsm`, `user_id`, `created_at`, `updated_at`, `amount`, `currency`) VALUES ('c34bbf4b-a57a-3b39-88f4-b297dfb2beb7', 81, 'c877c968-4329-35e4-88c9-92920fe0f428', '1980-06-16 13:14:22', '1970-08-05 11:33:53', '3178.519124', '\"SG');
INSERT INTO `simple_payments` (`id`, `idsm`, `user_id`, `created_at`, `updated_at`, `amount`, `currency`) VALUES ('d640e027-ae82-3c77-bc44-10ded8ea5572', 82, 'c958ac8c-6111-36fb-bb25-ccfabcbfe7e6', '1979-05-01 12:44:19', '2008-07-14 02:23:16', '23002.000000', '\"ID');
INSERT INTO `simple_payments` (`id`, `idsm`, `user_id`, `created_at`, `updated_at`, `amount`, `currency`) VALUES ('9283db99-8472-3991-a0d8-598a61f45099', 83, 'ce30ee31-8ca9-3b17-af31-2f3adad52773', '1978-01-10 07:16:40', '1985-03-08 08:50:39', '3239649.000260', '\"US');
INSERT INTO `simple_payments` (`id`, `idsm`, `user_id`, `created_at`, `updated_at`, `amount`, `currency`) VALUES ('c802a012-6524-3f51-80ec-43a0557c61ae', 84, 'd057e9e3-3e1f-375c-8892-379bbc929c76', '1993-10-08 12:49:01', '1990-05-27 08:17:16', '477261.880000', '\"SG');
INSERT INTO `simple_payments` (`id`, `idsm`, `user_id`, `created_at`, `updated_at`, `amount`, `currency`) VALUES ('f1eb96c9-91f4-379b-aa06-61524e868007', 85, 'da96a621-abcf-35c7-b9db-fc6ce51f9c44', '1972-01-28 13:23:35', '1981-09-14 10:07:46', '5.484830', '\"US');
INSERT INTO `simple_payments` (`id`, `idsm`, `user_id`, `created_at`, `updated_at`, `amount`, `currency`) VALUES ('b8692d08-8806-3e1e-9ab5-14a0f060d9fa', 86, 'dacac75a-66c9-30d4-8859-d4ab4120a49f', '2001-06-27 20:30:38', '1981-06-16 09:24:45', '0.000000', '\"SG');
INSERT INTO `simple_payments` (`id`, `idsm`, `user_id`, `created_at`, `updated_at`, `amount`, `currency`) VALUES ('e2345bf1-8571-30c9-af62-66480ed5d3fd', 87, 'db33d7fb-703d-338d-bc2c-6cfc4dd316ad', '1988-06-18 10:01:04', '1989-10-31 12:22:11', '235350.899800', '\"US');
INSERT INTO `simple_payments` (`id`, `idsm`, `user_id`, `created_at`, `updated_at`, `amount`, `currency`) VALUES ('3caf15ee-103a-3186-be77-71323f9f0105', 88, 'e7d896a4-d083-3db2-afd6-5429ee2d6058', '1995-11-30 13:34:52', '1980-05-17 12:31:31', '1551594.180100', '\"US');
INSERT INTO `simple_payments` (`id`, `idsm`, `user_id`, `created_at`, `updated_at`, `amount`, `currency`) VALUES ('1e3ab34a-4abf-33c2-b3ca-fcb2eef499f6', 89, 'e80ca19f-b643-3567-b69e-fa4fbba79d56', '2009-09-23 23:44:51', '1976-01-22 14:57:09', '18.339208', '\"SG');
INSERT INTO `simple_payments` (`id`, `idsm`, `user_id`, `created_at`, `updated_at`, `amount`, `currency`) VALUES ('de7b05a6-5b63-3e75-9a58-7f0d39fb64ff', 90, 'e99931ca-2cf2-3f51-8f78-a6df1f5508d8', '1975-06-08 20:27:49', '1977-03-23 02:04:11', '7486.953596', '\"SG');
INSERT INTO `simple_payments` (`id`, `idsm`, `user_id`, `created_at`, `updated_at`, `amount`, `currency`) VALUES ('06cc5ec7-2261-33ad-8567-f3fa9e820a1f', 91, 'ecca6c42-36b9-37bd-ba72-a3a9f1377f22', '2010-03-28 22:06:28', '2010-11-13 16:43:27', '11804.628380', '\"US');
INSERT INTO `simple_payments` (`id`, `idsm`, `user_id`, `created_at`, `updated_at`, `amount`, `currency`) VALUES ('a823e2ba-c53d-39a2-8989-858fb7e01b53', 92, 'ecfb1bf2-6e29-3018-ad35-24834e150da5', '2017-01-24 01:56:41', '2016-08-07 02:39:25', '842.073000', '\"ID');
INSERT INTO `simple_payments` (`id`, `idsm`, `user_id`, `created_at`, `updated_at`, `amount`, `currency`) VALUES ('39eff64d-3277-3267-82f3-802277e81eda', 93, 'f26001d9-d7f4-3807-8f74-80624b815465', '1982-06-10 19:35:40', '1970-11-02 20:22:34', '0.000000', '\"SG');
INSERT INTO `simple_payments` (`id`, `idsm`, `user_id`, `created_at`, `updated_at`, `amount`, `currency`) VALUES ('96e80d72-e3ac-3053-a567-3bdcd6274256', 94, 'f2e4e464-ee03-33d4-bad3-5ebc2fdb9f3c', '2003-06-10 21:20:00', '2000-04-01 21:19:53', '4089.748800', '\"ID');
INSERT INTO `simple_payments` (`id`, `idsm`, `user_id`, `created_at`, `updated_at`, `amount`, `currency`) VALUES ('7db33956-a191-34ff-9983-53f50c8776e6', 95, 'f5798f47-7cbf-3749-bd61-b4796d414e0b', '2002-07-07 07:37:35', '1978-04-06 21:30:24', '21501.000000', '\"ID');
INSERT INTO `simple_payments` (`id`, `idsm`, `user_id`, `created_at`, `updated_at`, `amount`, `currency`) VALUES ('8a9e1f48-4b6a-3a80-95f7-f3607c3b339f', 96, 'f5995a51-a85b-3cdc-afda-d7ff7a3a883d', '1971-10-25 22:20:34', '1993-03-15 09:33:27', '78.070000', '\"ID');
INSERT INTO `simple_payments` (`id`, `idsm`, `user_id`, `created_at`, `updated_at`, `amount`, `currency`) VALUES ('9c29c174-4661-31f4-aaef-af39b77df6ec', 97, 'f8073b88-521c-3423-b1fc-9e8e023aa6fa', '2006-07-12 15:36:27', '1993-01-24 18:33:52', '79.496294', '\"ID');
INSERT INTO `simple_payments` (`id`, `idsm`, `user_id`, `created_at`, `updated_at`, `amount`, `currency`) VALUES ('711ef53f-c367-3edd-b500-f9d270e6413a', 98, 'f9231de5-36d7-33e9-8fce-1159544548cb', '2020-05-19 07:36:56', '1989-12-07 07:27:39', '220.000000', '\"SG');
INSERT INTO `simple_payments` (`id`, `idsm`, `user_id`, `created_at`, `updated_at`, `amount`, `currency`) VALUES ('df0aa9a1-5ac5-3844-bd67-1da626d85f0f', 99, 'fd3b2d15-8a24-3f6a-bb1c-7380f720bdf5', '2008-04-18 16:08:31', '1976-11-16 20:24:38', '3146.900000', '\"SG');
INSERT INTO `simple_payments` (`id`, `idsm`, `user_id`, `created_at`, `updated_at`, `amount`, `currency`) VALUES ('7a67c73d-e824-3623-99f7-59ef4c3d3737', 100, 'ff365fb9-2f25-309f-893c-308ffc47b183', '1996-09-04 11:39:09', '2015-02-18 23:01:14', '2.700000', '\"SG');


#
# TABLE STRUCTURE FOR: users
#

DROP TABLE IF EXISTS `users`;

CREATE TABLE `users` (
  `id` varchar(36) COLLATE utf8mb4_unicode_ci NOT NULL,
  `iduser` int(11) NOT NULL AUTO_INCREMENT,
  `account_id` varchar(36) COLLATE utf8mb4_unicode_ci NOT NULL,
  `firstname` varchar(100) COLLATE utf8mb4_unicode_ci NOT NULL,
  `lastname` varchar(100) COLLATE utf8mb4_unicode_ci NOT NULL,
  `email` varchar(100) COLLATE utf8mb4_unicode_ci NOT NULL,
  `created_at` timestamp NOT NULL DEFAULT current_timestamp(),
  `updated_at` timestamp NOT NULL DEFAULT current_timestamp(),
  PRIMARY KEY (`iduser`),
  UNIQUE KEY `id` (`id`)
) ENGINE=InnoDB AUTO_INCREMENT=101 DEFAULT CHARSET=utf8mb4 COLLATE=utf8mb4_unicode_ci;

INSERT INTO `users` (`id`, `iduser`, `account_id`, `firstname`, `lastname`, `email`, `created_at`, `updated_at`) VALUES ('493d5e48-6821-38bb-a275-84412941cb6e', 1, '039a5b4a-f360-3eaa-bc7d-b013812a8643', 'Abdiel', 'Witting', 'mayert.seamus@example.org', '2022-06-23 14:23:50', '2022-06-23 14:23:50');
INSERT INTO `users` (`id`, `iduser`, `account_id`, `firstname`, `lastname`, `email`, `created_at`, `updated_at`) VALUES ('4a44c196-a472-3202-a1eb-1d6d824c4549', 2, '05cd400f-0d5d-30f3-9a59-02776bde25dd', 'Kenton', 'Bode', 'jailyn50@example.com', '2022-06-23 14:23:50', '2022-06-23 14:23:50');
INSERT INTO `users` (`id`, `iduser`, `account_id`, `firstname`, `lastname`, `email`, `created_at`, `updated_at`) VALUES ('a1a7c559-99a8-3dfa-a12b-c80e9f15fe2d', 3, '062e033a-1e7a-3b41-95c0-f77190e61319', 'Kasandra', 'Balistreri', 'zstamm@example.org', '2022-06-23 14:23:50', '2022-06-23 14:23:50');
INSERT INTO `users` (`id`, `iduser`, `account_id`, `firstname`, `lastname`, `email`, `created_at`, `updated_at`) VALUES ('8fbce045-693b-3b96-9b91-f31d25cc8a69', 4, '0805a324-e491-3a01-bfdc-8c8dee9b631e', 'Harvey', 'Cummerata', 'kaylie87@example.com', '2022-06-23 14:23:50', '2022-06-23 14:23:50');
INSERT INTO `users` (`id`, `iduser`, `account_id`, `firstname`, `lastname`, `email`, `created_at`, `updated_at`) VALUES ('37832f8c-659b-3aca-9946-55a26972e84b', 5, '08da4ac8-c74b-3a8b-8ece-954749a147c6', 'Reuben', 'McClure', 'kiehn.francesco@example.net', '2022-06-23 14:23:50', '2022-06-23 14:23:50');
INSERT INTO `users` (`id`, `iduser`, `account_id`, `firstname`, `lastname`, `email`, `created_at`, `updated_at`) VALUES ('3f2a5ae3-b7a6-3cce-9928-2f26bd548d76', 6, '0a783148-d0e9-37b3-aa81-d10f445e7ab0', 'Eli', 'Grant', 'jamey.steuber@example.net', '2022-06-23 14:23:50', '2022-06-23 14:23:50');
INSERT INTO `users` (`id`, `iduser`, `account_id`, `firstname`, `lastname`, `email`, `created_at`, `updated_at`) VALUES ('9f97170d-d8cd-394e-805d-05b864305809', 7, '0b1a7051-ce00-3f97-b832-42bc6dc24970', 'Berniece', 'Eichmann', 'elise.bernier@example.org', '2022-06-23 14:23:50', '2022-06-23 14:23:50');
INSERT INTO `users` (`id`, `iduser`, `account_id`, `firstname`, `lastname`, `email`, `created_at`, `updated_at`) VALUES ('9b6ec23d-55f7-3b5b-b29e-2810753edb86', 8, '0c3ecea2-084e-3b6c-94b2-86a16a47db3f', 'Stephania', 'Carroll', 'turcotte.elliott@example.com', '2022-06-23 14:23:50', '2022-06-23 14:23:50');
INSERT INTO `users` (`id`, `iduser`, `account_id`, `firstname`, `lastname`, `email`, `created_at`, `updated_at`) VALUES ('15f42ffb-1927-35c7-85e9-d0e5c0634a96', 9, '0e0f0663-fc2f-3514-abae-ab2803f6b7e1', 'Bradley', 'Schaden', 'alaina88@example.com', '2022-06-23 14:23:50', '2022-06-23 14:23:50');
INSERT INTO `users` (`id`, `iduser`, `account_id`, `firstname`, `lastname`, `email`, `created_at`, `updated_at`) VALUES ('9099dc60-feeb-3dab-afb5-333b38166471', 10, '0f12f874-0142-33e2-924c-67766b646e85', 'Chad', 'Cremin', 'amparo74@example.net', '2022-06-23 14:23:50', '2022-06-23 14:23:50');
INSERT INTO `users` (`id`, `iduser`, `account_id`, `firstname`, `lastname`, `email`, `created_at`, `updated_at`) VALUES ('410a2266-7d70-3bcf-b4b8-67df713436d7', 11, '0fa05584-6e76-310e-85c3-878d7599fa95', 'Elinore', 'Rodriguez', 'otromp@example.net', '2022-06-23 14:23:50', '2022-06-23 14:23:50');
INSERT INTO `users` (`id`, `iduser`, `account_id`, `firstname`, `lastname`, `email`, `created_at`, `updated_at`) VALUES ('ecca6c42-36b9-37bd-ba72-a3a9f1377f22', 12, '106da8b7-afd2-3f47-ae94-c964ebda8ad7', 'Nels', 'Runte', 'jake67@example.org', '2022-06-23 14:23:50', '2022-06-23 14:23:50');
INSERT INTO `users` (`id`, `iduser`, `account_id`, `firstname`, `lastname`, `email`, `created_at`, `updated_at`) VALUES ('74e43135-5fb5-360b-97f5-36313fbaea88', 13, '162e7a07-760d-31f5-9cbe-859bed9e30eb', 'Filiberto', 'Brakus', 'elmo.bode@example.org', '2022-06-23 14:23:50', '2022-06-23 14:23:50');
INSERT INTO `users` (`id`, `iduser`, `account_id`, `firstname`, `lastname`, `email`, `created_at`, `updated_at`) VALUES ('c958ac8c-6111-36fb-bb25-ccfabcbfe7e6', 14, '175bd05c-5a3f-36a4-86ed-8f940c8f4be5', 'Orie', 'Mayert', 'schowalter.seth@example.net', '2022-06-23 14:23:50', '2022-06-23 14:23:50');
INSERT INTO `users` (`id`, `iduser`, `account_id`, `firstname`, `lastname`, `email`, `created_at`, `updated_at`) VALUES ('4f0003a7-c60f-34e6-954e-6391ff3eedad', 15, '1d73fc81-71a3-3e64-9133-97e9c1783b93', 'Alycia', 'Stracke', 'gonzalo47@example.org', '2022-06-23 14:23:50', '2022-06-23 14:23:50');
INSERT INTO `users` (`id`, `iduser`, `account_id`, `firstname`, `lastname`, `email`, `created_at`, `updated_at`) VALUES ('f8073b88-521c-3423-b1fc-9e8e023aa6fa', 16, '1fa3cf98-9210-3da8-943b-767c7ad32f0d', 'Constance', 'Jacobson', 'owillms@example.com', '2022-06-23 14:23:50', '2022-06-23 14:23:50');
INSERT INTO `users` (`id`, `iduser`, `account_id`, `firstname`, `lastname`, `email`, `created_at`, `updated_at`) VALUES ('47bd4add-bbb6-3ca2-b11a-f495a474a7cf', 17, '2048ff0f-5959-3165-af54-a236a59bd86d', 'Ephraim', 'Gerhold', 'graham.hilma@example.org', '2022-06-23 14:23:50', '2022-06-23 14:23:50');
INSERT INTO `users` (`id`, `iduser`, `account_id`, `firstname`, `lastname`, `email`, `created_at`, `updated_at`) VALUES ('85e314d9-d6f1-306b-9e48-502e66db664f', 18, '23ee3d16-b6a7-3cce-922e-af5200eb463a', 'Xzavier', 'Friesen', 'neil.walker@example.net', '2022-06-23 14:23:50', '2022-06-23 14:23:50');
INSERT INTO `users` (`id`, `iduser`, `account_id`, `firstname`, `lastname`, `email`, `created_at`, `updated_at`) VALUES ('3791cecb-2ffd-33b5-acc5-e0e2f0d90b6a', 19, '242315f8-0e03-348e-a8f4-c18fc71d4bc1', 'Marley', 'Beatty', 'deanna.dicki@example.com', '2022-06-23 14:23:50', '2022-06-23 14:23:50');
INSERT INTO `users` (`id`, `iduser`, `account_id`, `firstname`, `lastname`, `email`, `created_at`, `updated_at`) VALUES ('f5995a51-a85b-3cdc-afda-d7ff7a3a883d', 20, '24589021-6931-3279-b18f-cb0369e85c9c', 'Florida', 'Gulgowski', 'tmcclure@example.com', '2022-06-23 14:23:50', '2022-06-23 14:23:50');
INSERT INTO `users` (`id`, `iduser`, `account_id`, `firstname`, `lastname`, `email`, `created_at`, `updated_at`) VALUES ('21cbf4cb-6897-3ef4-ad36-a4aaeb36a5cf', 21, '264f9a21-c692-35e0-b888-32e3cd0d9d8d', 'Aniyah', 'Moen', 'pagac.alexandra@example.net', '2022-06-23 14:23:50', '2022-06-23 14:23:50');
INSERT INTO `users` (`id`, `iduser`, `account_id`, `firstname`, `lastname`, `email`, `created_at`, `updated_at`) VALUES ('79f9c332-7c6d-379e-b08c-730168975628', 22, '26ecdabd-c0cf-3b95-88bc-a754d0004a15', 'Johnathon', 'Feest', 'nels07@example.org', '2022-06-23 14:23:50', '2022-06-23 14:23:50');
INSERT INTO `users` (`id`, `iduser`, `account_id`, `firstname`, `lastname`, `email`, `created_at`, `updated_at`) VALUES ('82002cf1-adcd-390a-98bf-69b2bb9d79cb', 23, '297d0bfe-d59d-326c-9a9d-6303fc5ef5b4', 'Nico', 'Feil', 'simone.kshlerin@example.net', '2022-06-23 14:23:50', '2022-06-23 14:23:50');
INSERT INTO `users` (`id`, `iduser`, `account_id`, `firstname`, `lastname`, `email`, `created_at`, `updated_at`) VALUES ('7a9bde9d-7f72-31ca-a9d4-68afbaadf387', 24, '2c837865-795a-3616-8019-2374bd10fd42', 'Noah', 'Gutkowski', 'felicity.huels@example.com', '2022-06-23 14:23:50', '2022-06-23 14:23:50');
INSERT INTO `users` (`id`, `iduser`, `account_id`, `firstname`, `lastname`, `email`, `created_at`, `updated_at`) VALUES ('8b42438c-e620-313f-9048-c81455219b90', 25, '2fb2f857-bd44-35b4-be56-07e732a53d38', 'Carlee', 'Bernhard', 'nelson.hartmann@example.org', '2022-06-23 14:23:50', '2022-06-23 14:23:50');
INSERT INTO `users` (`id`, `iduser`, `account_id`, `firstname`, `lastname`, `email`, `created_at`, `updated_at`) VALUES ('c7ac7239-5109-3ee3-91e6-f97be8148232', 26, '31f6cfa0-1544-391e-949a-0d44100f4aae', 'Mustafa', 'Macejkovic', 'dtremblay@example.com', '2022-06-23 14:23:50', '2022-06-23 14:23:50');
INSERT INTO `users` (`id`, `iduser`, `account_id`, `firstname`, `lastname`, `email`, `created_at`, `updated_at`) VALUES ('ce30ee31-8ca9-3b17-af31-2f3adad52773', 27, '32374d72-3e91-34f0-b4e3-75e165eeb3ff', 'Sierra', 'Weimann', 'runolfsdottir.evie@example.com', '2022-06-23 14:23:50', '2022-06-23 14:23:50');
INSERT INTO `users` (`id`, `iduser`, `account_id`, `firstname`, `lastname`, `email`, `created_at`, `updated_at`) VALUES ('d057e9e3-3e1f-375c-8892-379bbc929c76', 28, '3352a2fb-a8d6-3dff-a5d0-08f8652cc5c6', 'Retha', 'Auer', 'akutch@example.net', '2022-06-23 14:23:50', '2022-06-23 14:23:50');
INSERT INTO `users` (`id`, `iduser`, `account_id`, `firstname`, `lastname`, `email`, `created_at`, `updated_at`) VALUES ('3b5e3f91-8937-33c1-86f2-0caaa5a55708', 29, '37847928-20e8-392e-becc-b9c84063dbd9', 'Cali', 'Graham', 'earline15@example.net', '2022-06-23 14:23:50', '2022-06-23 14:23:50');
INSERT INTO `users` (`id`, `iduser`, `account_id`, `firstname`, `lastname`, `email`, `created_at`, `updated_at`) VALUES ('354c6b84-f647-3fc5-877e-6d804382230e', 30, '405ed6e5-14eb-3de2-8d25-065505c5a3d5', 'Loy', 'Strosin', 'philip.treutel@example.net', '2022-06-23 14:23:50', '2022-06-23 14:23:50');
INSERT INTO `users` (`id`, `iduser`, `account_id`, `firstname`, `lastname`, `email`, `created_at`, `updated_at`) VALUES ('c3c7c366-ce5e-3848-940f-3a2c166dd7ac', 31, '40e15292-a2b8-30d9-8849-03357bdffd69', 'Queenie', 'Keebler', 'johathan61@example.net', '2022-06-23 14:23:50', '2022-06-23 14:23:50');
INSERT INTO `users` (`id`, `iduser`, `account_id`, `firstname`, `lastname`, `email`, `created_at`, `updated_at`) VALUES ('a8b592ec-9201-3691-b9cf-a4b3721b18f1', 32, '42c487b0-9ff4-371c-8484-9fb4617989ac', 'Stephan', 'Mitchell', 'veum.anissa@example.org', '2022-06-23 14:23:50', '2022-06-23 14:23:50');
INSERT INTO `users` (`id`, `iduser`, `account_id`, `firstname`, `lastname`, `email`, `created_at`, `updated_at`) VALUES ('c877c968-4329-35e4-88c9-92920fe0f428', 33, '44f4082e-e42b-38db-89b7-8bfab03c06af', 'Gust', 'Schuppe', 'emiliano.dubuque@example.com', '2022-06-23 14:23:50', '2022-06-23 14:23:50');
INSERT INTO `users` (`id`, `iduser`, `account_id`, `firstname`, `lastname`, `email`, `created_at`, `updated_at`) VALUES ('c260a1f6-ea3a-3b56-8f0a-2a05c2ca13d0', 34, '46e5d8b2-ab00-3652-a2f2-d29ab89883cb', 'Aubrey', 'Lynch', 'harber.kole@example.net', '2022-06-23 14:23:50', '2022-06-23 14:23:50');
INSERT INTO `users` (`id`, `iduser`, `account_id`, `firstname`, `lastname`, `email`, `created_at`, `updated_at`) VALUES ('3e3ca52c-b3c0-3a72-85e1-abcb0d656b84', 35, '481e3706-4b5f-38e4-8c69-3b096915f75a', 'Keely', 'Stokes', 'dalton27@example.org', '2022-06-23 14:23:50', '2022-06-23 14:23:50');
INSERT INTO `users` (`id`, `iduser`, `account_id`, `firstname`, `lastname`, `email`, `created_at`, `updated_at`) VALUES ('61c53703-2023-3e98-9a9d-8d5591b2584a', 36, '498d060e-c814-3416-ab46-2c59f513427b', 'Ericka', 'Goyette', 'rwyman@example.net', '2022-06-23 14:23:50', '2022-06-23 14:23:50');
INSERT INTO `users` (`id`, `iduser`, `account_id`, `firstname`, `lastname`, `email`, `created_at`, `updated_at`) VALUES ('73a21412-11c1-3f6a-b705-d141a3177244', 37, '4aafb1a0-49bb-3834-a82d-5742dc29d178', 'Laverne', 'Gleichner', 'conroy.stella@example.net', '2022-06-23 14:23:50', '2022-06-23 14:23:50');
INSERT INTO `users` (`id`, `iduser`, `account_id`, `firstname`, `lastname`, `email`, `created_at`, `updated_at`) VALUES ('427d54fb-801a-3be8-9436-4e0c95bca7cd', 38, '4e587ddd-e7ec-3659-ba91-226f6cf3aca5', 'Myriam', 'Bauch', 'hessel.terrill@example.net', '2022-06-23 14:23:50', '2022-06-23 14:23:50');
INSERT INTO `users` (`id`, `iduser`, `account_id`, `firstname`, `lastname`, `email`, `created_at`, `updated_at`) VALUES ('520044d5-b8fb-3db2-9cbc-771010573b08', 39, '52e2a44e-d937-3649-90f9-681c3a9f5a66', 'Delphia', 'Schmeler', 'mayert.conrad@example.com', '2022-06-23 14:23:50', '2022-06-23 14:23:50');
INSERT INTO `users` (`id`, `iduser`, `account_id`, `firstname`, `lastname`, `email`, `created_at`, `updated_at`) VALUES ('1f2cb475-a410-3056-9b83-a6caf12078c5', 40, '54c19287-fdf9-3127-bf69-67add7bdfc87', 'Emely', 'Aufderhar', 'robert.jerde@example.org', '2022-06-23 14:23:50', '2022-06-23 14:23:50');
INSERT INTO `users` (`id`, `iduser`, `account_id`, `firstname`, `lastname`, `email`, `created_at`, `updated_at`) VALUES ('b574028c-7220-3f90-8c8c-450520bc974c', 41, '5a259a2f-e19f-3ecb-9805-6ca825e73e41', 'Shyann', 'Anderson', 'ethyl.oberbrunner@example.org', '2022-06-23 14:23:50', '2022-06-23 14:23:50');
INSERT INTO `users` (`id`, `iduser`, `account_id`, `firstname`, `lastname`, `email`, `created_at`, `updated_at`) VALUES ('da96a621-abcf-35c7-b9db-fc6ce51f9c44', 42, '5a7b8a58-1c7d-3680-8053-2638e805daa6', 'Alta', 'Turcotte', 'april.lang@example.com', '2022-06-23 14:23:50', '2022-06-23 14:23:50');
INSERT INTO `users` (`id`, `iduser`, `account_id`, `firstname`, `lastname`, `email`, `created_at`, `updated_at`) VALUES ('ff365fb9-2f25-309f-893c-308ffc47b183', 43, '5aa1134f-d1af-3c8c-8666-a51507d7d158', 'Nasir', 'Mann', 'marlon.kerluke@example.org', '2022-06-23 14:23:50', '2022-06-23 14:23:50');
INSERT INTO `users` (`id`, `iduser`, `account_id`, `firstname`, `lastname`, `email`, `created_at`, `updated_at`) VALUES ('db33d7fb-703d-338d-bc2c-6cfc4dd316ad', 44, '5ad8f16c-1b38-33a6-9e8c-faa0f7efd066', 'Betty', 'Lockman', 'bernhard87@example.net', '2022-06-23 14:23:50', '2022-06-23 14:23:50');
INSERT INTO `users` (`id`, `iduser`, `account_id`, `firstname`, `lastname`, `email`, `created_at`, `updated_at`) VALUES ('e80ca19f-b643-3567-b69e-fa4fbba79d56', 45, '5d0b9e9a-f685-3f9e-907a-ac8d529ac949', 'Tressie', 'Bode', 'bennie93@example.com', '2022-06-23 14:23:50', '2022-06-23 14:23:50');
INSERT INTO `users` (`id`, `iduser`, `account_id`, `firstname`, `lastname`, `email`, `created_at`, `updated_at`) VALUES ('7636871b-0c47-3c8b-83d4-0dbb7f829e9a', 46, '638b2476-632b-3c67-935c-141871007201', 'Leonora', 'Sawayn', 'xhintz@example.net', '2022-06-23 14:23:50', '2022-06-23 14:23:50');
INSERT INTO `users` (`id`, `iduser`, `account_id`, `firstname`, `lastname`, `email`, `created_at`, `updated_at`) VALUES ('195554aa-747b-3129-9ab2-94d293b35d0b', 47, '6a190266-3a2c-3251-a40e-ac953f9c6c73', 'Phoebe', 'Rohan', 'heathcote.cornell@example.net', '2022-06-23 14:23:50', '2022-06-23 14:23:50');
INSERT INTO `users` (`id`, `iduser`, `account_id`, `firstname`, `lastname`, `email`, `created_at`, `updated_at`) VALUES ('07e6221c-5d06-3a0b-aef8-bd2fe910d149', 48, '74c8973b-1cce-339a-94a8-5cdb1ab3a3aa', 'Ruthe', 'Conroy', 'allie.doyle@example.com', '2022-06-23 14:23:50', '2022-06-23 14:23:50');
INSERT INTO `users` (`id`, `iduser`, `account_id`, `firstname`, `lastname`, `email`, `created_at`, `updated_at`) VALUES ('5784b539-e5a5-3bef-8000-e216297e0b99', 49, '7a69b5c8-91ce-3f4e-9833-111bfad1c5c0', 'Cameron', 'Streich', 'corkery.fabiola@example.net', '2022-06-23 14:23:50', '2022-06-23 14:23:50');
INSERT INTO `users` (`id`, `iduser`, `account_id`, `firstname`, `lastname`, `email`, `created_at`, `updated_at`) VALUES ('5a444d8e-66e9-3541-9103-ec2525aabf6d', 50, '7c9de230-5c55-3dbb-b6ed-6b4a329cc4e9', 'Abraham', 'Trantow', 'darrick.konopelski@example.org', '2022-06-23 14:23:50', '2022-06-23 14:23:50');
INSERT INTO `users` (`id`, `iduser`, `account_id`, `firstname`, `lastname`, `email`, `created_at`, `updated_at`) VALUES ('60b647b4-a8cc-373f-8eb4-1dfff8325800', 51, '7cac9314-91cf-3142-86ad-6b643cce42d5', 'Rebeca', 'Shanahan', 'qmoen@example.org', '2022-06-23 14:23:50', '2022-06-23 14:23:50');
INSERT INTO `users` (`id`, `iduser`, `account_id`, `firstname`, `lastname`, `email`, `created_at`, `updated_at`) VALUES ('446fc580-a042-32ff-8735-56613013ece5', 52, '8041feb9-f7c7-3b78-ae61-7fd97a8c2c86', 'Vladimir', 'Cronin', 'alda24@example.com', '2022-06-23 14:23:50', '2022-06-23 14:23:50');
INSERT INTO `users` (`id`, `iduser`, `account_id`, `firstname`, `lastname`, `email`, `created_at`, `updated_at`) VALUES ('04889a1d-533d-3cda-b0e5-02ce7e403428', 53, '8282e17d-9036-3b2f-8d90-55ca7d2e1f37', 'Michelle', 'Donnelly', 'myrtice.pfeffer@example.org', '2022-06-23 14:23:50', '2022-06-23 14:23:50');
INSERT INTO `users` (`id`, `iduser`, `account_id`, `firstname`, `lastname`, `email`, `created_at`, `updated_at`) VALUES ('63eb9c75-6b7e-3fc4-baa0-59622e64cd04', 54, '83c22378-58ed-3fc6-bfba-f587c934881a', 'Alana', 'Kilback', 'champlin.leta@example.com', '2022-06-23 14:23:50', '2022-06-23 14:23:50');
INSERT INTO `users` (`id`, `iduser`, `account_id`, `firstname`, `lastname`, `email`, `created_at`, `updated_at`) VALUES ('2ec665e5-cdf9-3239-9fa8-f7e27e00eaab', 55, '8428c9b6-78b2-33e2-98b3-9a44abd19eaf', 'Jamie', 'Towne', 'stiedemann.zena@example.org', '2022-06-23 14:23:50', '2022-06-23 14:23:50');
INSERT INTO `users` (`id`, `iduser`, `account_id`, `firstname`, `lastname`, `email`, `created_at`, `updated_at`) VALUES ('7b2b87cd-daa2-3c9a-962c-7a6a8f3a186e', 56, '84694363-7fad-3460-9b26-517a4b20dd82', 'Kameron', 'Rempel', 'heaney.chelsey@example.org', '2022-06-23 14:23:50', '2022-06-23 14:23:50');
INSERT INTO `users` (`id`, `iduser`, `account_id`, `firstname`, `lastname`, `email`, `created_at`, `updated_at`) VALUES ('3bf64fe4-1e93-3b77-9e94-243b7db4c3f6', 57, '86ee544a-eeb3-386a-8597-8752a95adf9b', 'Adrien', 'Pfeffer', 'larue.nienow@example.net', '2022-06-23 14:23:50', '2022-06-23 14:23:50');
INSERT INTO `users` (`id`, `iduser`, `account_id`, `firstname`, `lastname`, `email`, `created_at`, `updated_at`) VALUES ('a815f8dc-578e-30af-8270-544c29effa93', 58, '89b03500-6593-3382-9a3b-45f08f73bd6c', 'Caesar', 'Dickinson', 'melany08@example.net', '2022-06-23 14:23:50', '2022-06-23 14:23:50');
INSERT INTO `users` (`id`, `iduser`, `account_id`, `firstname`, `lastname`, `email`, `created_at`, `updated_at`) VALUES ('25ebf8f2-6d46-34ac-a404-0d96e6fcd7f4', 59, '8a57fb42-07f6-3916-a85f-c2cbe9bf1554', 'Tabitha', 'Williamson', 'sarai.dicki@example.com', '2022-06-23 14:23:50', '2022-06-23 14:23:50');
INSERT INTO `users` (`id`, `iduser`, `account_id`, `firstname`, `lastname`, `email`, `created_at`, `updated_at`) VALUES ('982c0821-567a-38d6-9e23-1792d55bc5e1', 60, '8c161a55-4522-35dc-952b-c9f987d308a9', 'Jamarcus', 'Conroy', 'edwardo08@example.org', '2022-06-23 14:23:50', '2022-06-23 14:23:50');
INSERT INTO `users` (`id`, `iduser`, `account_id`, `firstname`, `lastname`, `email`, `created_at`, `updated_at`) VALUES ('8fafeb07-80c3-3e08-9556-06489acf1e76', 61, '8df68c5f-8a7c-3d66-a9a8-f1c5953fa2a0', 'Kariane', 'Conn', 'hborer@example.org', '2022-06-23 14:23:50', '2022-06-23 14:23:50');
INSERT INTO `users` (`id`, `iduser`, `account_id`, `firstname`, `lastname`, `email`, `created_at`, `updated_at`) VALUES ('08fd6ff7-a349-34a1-b806-89880b8fb10e', 62, '8e770467-950c-3061-ad16-22b3cf3c11db', 'Ramon', 'Runolfsson', 'dvonrueden@example.net', '2022-06-23 14:23:50', '2022-06-23 14:23:50');
INSERT INTO `users` (`id`, `iduser`, `account_id`, `firstname`, `lastname`, `email`, `created_at`, `updated_at`) VALUES ('3f551ebc-5b55-34f8-ad58-31860835c422', 63, '90c4aec5-5685-31b5-aacf-bf39e213a482', 'Vita', 'Huel', 'rosetta24@example.org', '2022-06-23 14:23:50', '2022-06-23 14:23:50');
INSERT INTO `users` (`id`, `iduser`, `account_id`, `firstname`, `lastname`, `email`, `created_at`, `updated_at`) VALUES ('a46a57ee-1f6d-3339-808c-94409341c150', 64, '92f41b5b-b33e-3d58-b2ff-69b631e1f467', 'Aileen', 'Abshire', 'kassandra35@example.com', '2022-06-23 14:23:50', '2022-06-23 14:23:50');
INSERT INTO `users` (`id`, `iduser`, `account_id`, `firstname`, `lastname`, `email`, `created_at`, `updated_at`) VALUES ('fd3b2d15-8a24-3f6a-bb1c-7380f720bdf5', 65, '956ade44-a62a-3823-b45b-8902fc93ff33', 'Santa', 'Schaefer', 'rey.anderson@example.net', '2022-06-23 14:23:50', '2022-06-23 14:23:50');
INSERT INTO `users` (`id`, `iduser`, `account_id`, `firstname`, `lastname`, `email`, `created_at`, `updated_at`) VALUES ('b0052898-3180-3113-9b28-89a3c45a56c7', 66, '95c87673-d8c8-3977-a8be-2e29c13058f4', 'Javon', 'Schaefer', 'rhoda57@example.com', '2022-06-23 14:23:50', '2022-06-23 14:23:50');
INSERT INTO `users` (`id`, `iduser`, `account_id`, `firstname`, `lastname`, `email`, `created_at`, `updated_at`) VALUES ('a3aa46c2-d588-3c70-a0ba-e9863c1b1184', 67, '96a830cf-fd11-310b-baa7-032d68f12a58', 'Mekhi', 'Schuster', 'hvandervort@example.com', '2022-06-23 14:23:50', '2022-06-23 14:23:50');
INSERT INTO `users` (`id`, `iduser`, `account_id`, `firstname`, `lastname`, `email`, `created_at`, `updated_at`) VALUES ('bb63ec2d-3ab1-329d-9dea-9fe6f589e479', 68, '982656f3-d64b-36b5-a9cc-9bb8d2f137fc', 'Donnie', 'Morar', 'sebastian.torp@example.com', '2022-06-23 14:23:50', '2022-06-23 14:23:50');
INSERT INTO `users` (`id`, `iduser`, `account_id`, `firstname`, `lastname`, `email`, `created_at`, `updated_at`) VALUES ('95f8f88c-a8ee-35aa-b921-edcb542dcd9e', 69, '9c6924b7-666d-38bd-9422-a68b5844e514', 'Marlen', 'Williamson', 'wterry@example.net', '2022-06-23 14:23:50', '2022-06-23 14:23:50');
INSERT INTO `users` (`id`, `iduser`, `account_id`, `firstname`, `lastname`, `email`, `created_at`, `updated_at`) VALUES ('f26001d9-d7f4-3807-8f74-80624b815465', 70, '9eb752fa-0144-3b46-9671-7d3e85108c7a', 'Nola', 'Vandervort', 'tina85@example.net', '2022-06-23 14:23:50', '2022-06-23 14:23:50');
INSERT INTO `users` (`id`, `iduser`, `account_id`, `firstname`, `lastname`, `email`, `created_at`, `updated_at`) VALUES ('7c6af5d2-763f-3a35-ac27-0d754ff96507', 71, 'a64105f4-94f7-300d-a57c-3af890db6d3e', 'Josefa', 'Schoen', 'iweissnat@example.org', '2022-06-23 14:23:50', '2022-06-23 14:23:50');
INSERT INTO `users` (`id`, `iduser`, `account_id`, `firstname`, `lastname`, `email`, `created_at`, `updated_at`) VALUES ('72567873-92e6-3437-83f1-d3b54b510fc1', 72, 'a8202e41-f0ba-3d18-91fa-ef11d451a069', 'Kiana', 'Quitzon', 'carolyne.balistreri@example.net', '2022-06-23 14:23:50', '2022-06-23 14:23:50');
INSERT INTO `users` (`id`, `iduser`, `account_id`, `firstname`, `lastname`, `email`, `created_at`, `updated_at`) VALUES ('92aaf79c-1d8a-3a4b-9468-d5d04d46dcc3', 73, 'b573e86f-ae03-3f03-a560-0570998e4db1', 'Ransom', 'Skiles', 'keshaun49@example.net', '2022-06-23 14:23:50', '2022-06-23 14:23:50');
INSERT INTO `users` (`id`, `iduser`, `account_id`, `firstname`, `lastname`, `email`, `created_at`, `updated_at`) VALUES ('104fa869-4fad-3f7c-a056-198061e7b16c', 74, 'b7458867-9741-3cda-aa3b-4e0f0edb6962', 'Gabrielle', 'Veum', 'skye.marks@example.com', '2022-06-23 14:23:50', '2022-06-23 14:23:50');
INSERT INTO `users` (`id`, `iduser`, `account_id`, `firstname`, `lastname`, `email`, `created_at`, `updated_at`) VALUES ('afd756de-5356-3544-8b88-222b9748cad2', 75, 'ba802856-1816-310e-af28-d88b6244aa21', 'Demario', 'Kunde', 'eryn.collins@example.net', '2022-06-23 14:23:50', '2022-06-23 14:23:50');
INSERT INTO `users` (`id`, `iduser`, `account_id`, `firstname`, `lastname`, `email`, `created_at`, `updated_at`) VALUES ('f5798f47-7cbf-3749-bd61-b4796d414e0b', 76, 'bd77515b-dd86-3ccf-ae83-dc23edafabe4', 'Lloyd', 'Zulauf', 'rogahn.lisette@example.com', '2022-06-23 14:23:50', '2022-06-23 14:23:50');
INSERT INTO `users` (`id`, `iduser`, `account_id`, `firstname`, `lastname`, `email`, `created_at`, `updated_at`) VALUES ('2ff288a6-943d-3fbb-ace9-76a889bd7393', 77, 'bdb7c75d-58be-32c8-9982-d462ec436de5', 'Jolie', 'Harber', 'loyce.corkery@example.com', '2022-06-23 14:23:50', '2022-06-23 14:23:50');
INSERT INTO `users` (`id`, `iduser`, `account_id`, `firstname`, `lastname`, `email`, `created_at`, `updated_at`) VALUES ('e99931ca-2cf2-3f51-8f78-a6df1f5508d8', 78, 'c219bb71-99ce-314f-8abc-4a3988e6ee47', 'Jacky', 'Hoppe', 'qcorkery@example.org', '2022-06-23 14:23:50', '2022-06-23 14:23:50');
INSERT INTO `users` (`id`, `iduser`, `account_id`, `firstname`, `lastname`, `email`, `created_at`, `updated_at`) VALUES ('48c8d219-ca0d-365b-b79b-28579585b069', 79, 'c3086cc4-6cbe-3eb5-a7b5-ad5e9172d425', 'Jakayla', 'Watsica', 'rebeka87@example.org', '2022-06-23 14:23:50', '2022-06-23 14:23:50');
INSERT INTO `users` (`id`, `iduser`, `account_id`, `firstname`, `lastname`, `email`, `created_at`, `updated_at`) VALUES ('72292887-88d2-3087-95d0-0f2a50a913d1', 80, 'cab54356-24e4-3c92-8181-8269c2567a19', 'Samara', 'Bernhard', 'barney94@example.org', '2022-06-23 14:23:50', '2022-06-23 14:23:50');
INSERT INTO `users` (`id`, `iduser`, `account_id`, `firstname`, `lastname`, `email`, `created_at`, `updated_at`) VALUES ('e7d896a4-d083-3db2-afd6-5429ee2d6058', 81, 'ce64f688-091b-3b0f-88dc-cba109614e52', 'Marisa', 'Runolfsdottir', 'bernita14@example.org', '2022-06-23 14:23:50', '2022-06-23 14:23:50');
INSERT INTO `users` (`id`, `iduser`, `account_id`, `firstname`, `lastname`, `email`, `created_at`, `updated_at`) VALUES ('579001f8-db42-3d3f-8ac1-e2cc176fab11', 82, 'd48f8aac-3e69-3203-a438-11ba4f1a9a32', 'Ellis', 'Cummerata', 'cassidy.cruickshank@example.net', '2022-06-23 14:23:50', '2022-06-23 14:23:50');
INSERT INTO `users` (`id`, `iduser`, `account_id`, `firstname`, `lastname`, `email`, `created_at`, `updated_at`) VALUES ('ecfb1bf2-6e29-3018-ad35-24834e150da5', 83, 'd9dda37a-7f70-32a2-b94a-8446697ecae6', 'Alex', 'Stamm', 'dejah.bergstrom@example.net', '2022-06-23 14:23:50', '2022-06-23 14:23:50');
INSERT INTO `users` (`id`, `iduser`, `account_id`, `firstname`, `lastname`, `email`, `created_at`, `updated_at`) VALUES ('19706592-552c-3e56-be3e-685847dc2eb9', 84, 'de6b1228-76a9-37ad-88f7-4d84cd01fd9d', 'Annabell', 'Leuschke', 'meghan.hegmann@example.com', '2022-06-23 14:23:50', '2022-06-23 14:23:50');
INSERT INTO `users` (`id`, `iduser`, `account_id`, `firstname`, `lastname`, `email`, `created_at`, `updated_at`) VALUES ('a976a957-4d6a-36e5-9d7f-6356221513d8', 85, 'e0308ccc-16e7-3d5e-9e37-e60d906305ae', 'Franz', 'Pagac', 'vhowe@example.org', '2022-06-23 14:23:50', '2022-06-23 14:23:50');
INSERT INTO `users` (`id`, `iduser`, `account_id`, `firstname`, `lastname`, `email`, `created_at`, `updated_at`) VALUES ('0e4526af-4e9d-31f5-ad39-c5b2a387b9ca', 86, 'e05d9e7f-e036-3661-88ce-06d825f7c64f', 'Nikita', 'Hessel', 'nathanael09@example.net', '2022-06-23 14:23:50', '2022-06-23 14:23:50');
INSERT INTO `users` (`id`, `iduser`, `account_id`, `firstname`, `lastname`, `email`, `created_at`, `updated_at`) VALUES ('f9231de5-36d7-33e9-8fce-1159544548cb', 87, 'e26491f2-7f00-39cb-b866-cbbd6bfdf771', 'Emmett', 'Adams', 'luettgen.geovanni@example.com', '2022-06-23 14:23:50', '2022-06-23 14:23:50');
INSERT INTO `users` (`id`, `iduser`, `account_id`, `firstname`, `lastname`, `email`, `created_at`, `updated_at`) VALUES ('b7ba75b2-238c-3125-8ba4-d0311a093172', 88, 'e3e8b731-cbbb-3799-9cc7-01bfe089ee31', 'Casimir', 'Cartwright', 'kulas.david@example.org', '2022-06-23 14:23:50', '2022-06-23 14:23:50');
INSERT INTO `users` (`id`, `iduser`, `account_id`, `firstname`, `lastname`, `email`, `created_at`, `updated_at`) VALUES ('9ec931ad-1459-334a-b0ea-eaff56a2bf32', 89, 'ec1dbcca-0558-3563-a067-8c84aebd5d05', 'Edwin', 'Nienow', 'carmela.reichel@example.net', '2022-06-23 14:23:50', '2022-06-23 14:23:50');
INSERT INTO `users` (`id`, `iduser`, `account_id`, `firstname`, `lastname`, `email`, `created_at`, `updated_at`) VALUES ('a2c9127c-da98-3ed2-bba1-73ef3c4d537d', 90, 'eed7e1a4-c75f-38b4-80db-1a44520cfcfb', 'Andy', 'Walter', 'fahey.carolina@example.net', '2022-06-23 14:23:50', '2022-06-23 14:23:50');
INSERT INTO `users` (`id`, `iduser`, `account_id`, `firstname`, `lastname`, `email`, `created_at`, `updated_at`) VALUES ('b90fe32d-8c30-32b8-bf2d-e93423c3e436', 91, 'efa1d7f8-8132-3c9e-8b5a-2737f505d3c9', 'Ashlee', 'Bartell', 'betty.jast@example.com', '2022-06-23 14:23:50', '2022-06-23 14:23:50');
INSERT INTO `users` (`id`, `iduser`, `account_id`, `firstname`, `lastname`, `email`, `created_at`, `updated_at`) VALUES ('ba5d17fc-5b2c-3665-825e-ce4b492dd8b6', 92, 'efaee74f-061f-399c-b132-321eb53e9fdd', 'Haylie', 'Roob', 'pfarrell@example.net', '2022-06-23 14:23:50', '2022-06-23 14:23:50');
INSERT INTO `users` (`id`, `iduser`, `account_id`, `firstname`, `lastname`, `email`, `created_at`, `updated_at`) VALUES ('1b494f36-9e52-38ea-a59b-926f0763be94', 93, 'f264cd62-1075-3801-89a6-7945e89ee899', 'Mozell', 'Farrell', 'hoyt.quigley@example.com', '2022-06-23 14:23:50', '2022-06-23 14:23:50');
INSERT INTO `users` (`id`, `iduser`, `account_id`, `firstname`, `lastname`, `email`, `created_at`, `updated_at`) VALUES ('f2e4e464-ee03-33d4-bad3-5ebc2fdb9f3c', 94, 'f3e5e829-ff8e-3600-aaed-7913e544daa0', 'Kameron', 'Romaguera', 'rebekah.bednar@example.net', '2022-06-23 14:23:50', '2022-06-23 14:23:50');
INSERT INTO `users` (`id`, `iduser`, `account_id`, `firstname`, `lastname`, `email`, `created_at`, `updated_at`) VALUES ('02924c72-d685-3813-adcd-a206a27a493f', 95, 'f5d896ff-1e7a-3fbb-82a5-2286db38f481', 'Hardy', 'Steuber', 'geovany55@example.org', '2022-06-23 14:23:50', '2022-06-23 14:23:50');
INSERT INTO `users` (`id`, `iduser`, `account_id`, `firstname`, `lastname`, `email`, `created_at`, `updated_at`) VALUES ('42997e39-7252-32bf-8e0c-64b22fc34dce', 96, 'f8689eec-86aa-3325-9c81-de26e2de1f50', 'Stacey', 'Dickens', 'aurelia.frami@example.com', '2022-06-23 14:23:50', '2022-06-23 14:23:50');
INSERT INTO `users` (`id`, `iduser`, `account_id`, `firstname`, `lastname`, `email`, `created_at`, `updated_at`) VALUES ('243d67db-a4bf-34d1-964a-46da9e57b390', 97, 'f9565b46-716f-3028-aa07-b135258b9507', 'Hulda', 'Howe', 'kris.syble@example.org', '2022-06-23 14:23:50', '2022-06-23 14:23:50');
INSERT INTO `users` (`id`, `iduser`, `account_id`, `firstname`, `lastname`, `email`, `created_at`, `updated_at`) VALUES ('7bd41b17-3cf5-3a2f-9a08-74addb8b34c9', 98, 'f95939da-0d87-37c2-9ba9-7b54759fa147', 'Emilie', 'Harris', 'annamarie77@example.org', '2022-06-23 14:23:50', '2022-06-23 14:23:50');
INSERT INTO `users` (`id`, `iduser`, `account_id`, `firstname`, `lastname`, `email`, `created_at`, `updated_at`) VALUES ('dacac75a-66c9-30d4-8859-d4ab4120a49f', 99, 'fac151e7-e0e6-3b4f-b11e-d32df1c9cc97', 'Alivia', 'Predovic', 'murphy.tobin@example.net', '2022-06-23 14:23:50', '2022-06-23 14:23:50');
INSERT INTO `users` (`id`, `iduser`, `account_id`, `firstname`, `lastname`, `email`, `created_at`, `updated_at`) VALUES ('ba0aef81-763c-3460-a820-528053f75503', 100, 'fe8a865b-f2ea-3db5-a803-eb3e5a9c3fae', 'Garrick', 'Waelchi', 'maryam.thiel@example.net', '2022-06-23 14:23:50', '2022-06-23 14:23:50');


